ℹ️ [INFO] 05/31/2025, 01:59:14 AM | MongoDB connected
ℹ️ [INFO] 05/31/2025, 01:59:14 AM | All plugins registered successfully
ℹ️ [INFO] 05/31/2025, 01:59:14 AM | Middlewares configured
ℹ️ [INFO] 05/31/2025, 01:59:14 AM | Helmet security headers enabled
ℹ️ [INFO] 05/31/2025, 01:59:14 AM | Rate limiting applied (100 reqs/min)
ℹ️ [INFO] 05/31/2025, 01:59:14 AM | CORS enabled
ℹ️ [INFO] 05/31/2025, 01:59:14 AM | Security middlewares fully configured
ℹ️ [INFO] 05/31/2025, 01:59:14 AM | Interceptors configured
ℹ️ [INFO] 05/31/2025, 01:59:14 AM | Routes configured
ℹ️ [INFO] 05/31/2025, 01:59:14 AM | WebSocket server initialized
ℹ️ [INFO] 05/31/2025, 01:59:14 AM | Server running on port 8080
ℹ️ [INFO] 05/31/2025, 01:59:15 AM | MongoDB connected
ℹ️ [INFO] 05/31/2025, 01:59:15 AM | All plugins registered successfully
ℹ️ [INFO] 05/31/2025, 01:59:15 AM | Middlewares configured
ℹ️ [INFO] 05/31/2025, 01:59:15 AM | Helmet security headers enabled
ℹ️ [INFO] 05/31/2025, 01:59:15 AM | Rate limiting applied (100 reqs/min)
ℹ️ [INFO] 05/31/2025, 01:59:15 AM | CORS enabled
ℹ️ [INFO] 05/31/2025, 01:59:15 AM | Security middlewares fully configured
ℹ️ [INFO] 05/31/2025, 01:59:15 AM | Interceptors configured
ℹ️ [INFO] 05/31/2025, 01:59:15 AM | Routes configured
ℹ️ [INFO] 05/31/2025, 01:59:15 AM | WebSocket server initialized
ℹ️ [INFO] 05/31/2025, 01:59:16 AM | Server running on port 8080
ℹ️ [INFO] 05/31/2025, 02:00:19 AM | Notification saved: ADD_CATEGORY, ID: 683a317bf6cb69d14311f481
ℹ️ [INFO] 05/31/2025, 02:00:19 AM | Notification sent via WebSocket: ADD_CATEGORY
ℹ️ [INFO] 05/31/2025, 02:01:52 AM | MongoDB connected
ℹ️ [INFO] 05/31/2025, 02:01:52 AM | All plugins registered successfully
ℹ️ [INFO] 05/31/2025, 02:01:52 AM | Middlewares configured
ℹ️ [INFO] 05/31/2025, 02:01:52 AM | Helmet security headers enabled
ℹ️ [INFO] 05/31/2025, 02:01:52 AM | Rate limiting applied (100 reqs/min)
ℹ️ [INFO] 05/31/2025, 02:01:52 AM | CORS enabled
ℹ️ [INFO] 05/31/2025, 02:01:52 AM | Security middlewares fully configured
ℹ️ [INFO] 05/31/2025, 02:01:52 AM | Interceptors configured
ℹ️ [INFO] 05/31/2025, 02:01:52 AM | Routes configured
ℹ️ [INFO] 05/31/2025, 02:01:52 AM | WebSocket server initialized
ℹ️ [INFO] 05/31/2025, 02:01:52 AM | Server running on port 8080
ℹ️ [INFO] 05/31/2025, 02:07:31 AM | MongoDB connected
ℹ️ [INFO] 05/31/2025, 02:07:31 AM | All plugins registered successfully
ℹ️ [INFO] 05/31/2025, 02:07:31 AM | Middlewares configured
ℹ️ [INFO] 05/31/2025, 02:07:31 AM | Helmet security headers enabled
ℹ️ [INFO] 05/31/2025, 02:07:31 AM | Rate limiting applied (100 reqs/min)
ℹ️ [INFO] 05/31/2025, 02:07:31 AM | CORS enabled
ℹ️ [INFO] 05/31/2025, 02:07:31 AM | Security middlewares fully configured
ℹ️ [INFO] 05/31/2025, 02:07:31 AM | Interceptors configured
ℹ️ [INFO] 05/31/2025, 02:07:31 AM | Routes configured
ℹ️ [INFO] 05/31/2025, 02:07:31 AM | WebSocket server initialized
ℹ️ [INFO] 05/31/2025, 02:07:31 AM | Server running on port 8080
ℹ️ [INFO] 05/31/2025, 02:11:59 AM | MongoDB connected
ℹ️ [INFO] 05/31/2025, 02:11:59 AM | All plugins registered successfully
ℹ️ [INFO] 05/31/2025, 02:11:59 AM | Middlewares configured
ℹ️ [INFO] 05/31/2025, 02:11:59 AM | Helmet security headers enabled
ℹ️ [INFO] 05/31/2025, 02:11:59 AM | Rate limiting applied (100 reqs/min)
ℹ️ [INFO] 05/31/2025, 02:11:59 AM | CORS enabled
ℹ️ [INFO] 05/31/2025, 02:11:59 AM | Security middlewares fully configured
ℹ️ [INFO] 05/31/2025, 02:11:59 AM | Interceptors configured
ℹ️ [INFO] 05/31/2025, 02:11:59 AM | Routes configured
ℹ️ [INFO] 05/31/2025, 02:11:59 AM | WebSocket server initialized
ℹ️ [INFO] 05/31/2025, 02:11:59 AM | Server running on port 8080
ℹ️ [INFO] 05/31/2025, 02:12:03 AM | MongoDB connected
ℹ️ [INFO] 05/31/2025, 02:12:03 AM | All plugins registered successfully
ℹ️ [INFO] 05/31/2025, 02:12:03 AM | Middlewares configured
ℹ️ [INFO] 05/31/2025, 02:12:03 AM | Helmet security headers enabled
ℹ️ [INFO] 05/31/2025, 02:12:03 AM | Rate limiting applied (100 reqs/min)
ℹ️ [INFO] 05/31/2025, 02:12:03 AM | CORS enabled
ℹ️ [INFO] 05/31/2025, 02:12:03 AM | Security middlewares fully configured
ℹ️ [INFO] 05/31/2025, 02:12:03 AM | Interceptors configured
ℹ️ [INFO] 05/31/2025, 02:12:03 AM | Routes configured
ℹ️ [INFO] 05/31/2025, 02:12:03 AM | WebSocket server initialized
ℹ️ [INFO] 05/31/2025, 02:12:04 AM | Server running on port 8080
ℹ️ [INFO] 05/31/2025, 02:12:20 AM | MongoDB connected
ℹ️ [INFO] 05/31/2025, 02:12:20 AM | All plugins registered successfully
ℹ️ [INFO] 05/31/2025, 02:12:20 AM | Middlewares configured
ℹ️ [INFO] 05/31/2025, 02:12:20 AM | Helmet security headers enabled
ℹ️ [INFO] 05/31/2025, 02:12:20 AM | Rate limiting applied (100 reqs/min)
ℹ️ [INFO] 05/31/2025, 02:12:20 AM | CORS enabled
ℹ️ [INFO] 05/31/2025, 02:12:20 AM | Security middlewares fully configured
ℹ️ [INFO] 05/31/2025, 02:12:20 AM | Interceptors configured
ℹ️ [INFO] 05/31/2025, 02:12:20 AM | Routes configured
ℹ️ [INFO] 05/31/2025, 02:12:20 AM | WebSocket server initialized
ℹ️ [INFO] 05/31/2025, 02:12:20 AM | Server running on port 8080
ℹ️ [INFO] 05/31/2025, 02:12:22 AM | Notification saved: ADD_CATEGORY, ID: 683a344e47a4c2a71e2af261
ℹ️ [INFO] 05/31/2025, 02:12:22 AM | Notification sent via WebSocket: ADD_CATEGORY
ℹ️ [INFO] 05/31/2025, 02:12:38 AM | MongoDB connected
ℹ️ [INFO] 05/31/2025, 02:12:38 AM | All plugins registered successfully
ℹ️ [INFO] 05/31/2025, 02:12:38 AM | Middlewares configured
ℹ️ [INFO] 05/31/2025, 02:12:38 AM | Helmet security headers enabled
ℹ️ [INFO] 05/31/2025, 02:12:38 AM | Rate limiting applied (100 reqs/min)
ℹ️ [INFO] 05/31/2025, 02:12:38 AM | CORS enabled
ℹ️ [INFO] 05/31/2025, 02:12:38 AM | Security middlewares fully configured
ℹ️ [INFO] 05/31/2025, 02:12:38 AM | Interceptors configured
ℹ️ [INFO] 05/31/2025, 02:12:38 AM | Routes configured
ℹ️ [INFO] 05/31/2025, 02:12:38 AM | WebSocket server initialized
ℹ️ [INFO] 05/31/2025, 02:12:38 AM | Server running on port 8080
ℹ️ [INFO] 05/31/2025, 02:12:39 AM | MongoDB connected
ℹ️ [INFO] 05/31/2025, 02:12:39 AM | All plugins registered successfully
ℹ️ [INFO] 05/31/2025, 02:12:39 AM | Middlewares configured
ℹ️ [INFO] 05/31/2025, 02:12:39 AM | Helmet security headers enabled
ℹ️ [INFO] 05/31/2025, 02:12:39 AM | Rate limiting applied (100 reqs/min)
ℹ️ [INFO] 05/31/2025, 02:12:39 AM | CORS enabled
ℹ️ [INFO] 05/31/2025, 02:12:39 AM | Security middlewares fully configured
ℹ️ [INFO] 05/31/2025, 02:12:39 AM | Interceptors configured
ℹ️ [INFO] 05/31/2025, 02:12:39 AM | Routes configured
ℹ️ [INFO] 05/31/2025, 02:12:39 AM | WebSocket server initialized
ℹ️ [INFO] 05/31/2025, 02:12:39 AM | Server running on port 8080
ℹ️ [INFO] 05/31/2025, 02:51:40 AM | MongoDB connected
ℹ️ [INFO] 05/31/2025, 02:51:40 AM | All plugins registered successfully
ℹ️ [INFO] 05/31/2025, 02:51:40 AM | Middlewares configured
ℹ️ [INFO] 05/31/2025, 02:51:40 AM | Helmet security headers enabled
ℹ️ [INFO] 05/31/2025, 02:51:40 AM | Rate limiting applied (100 reqs/min)
ℹ️ [INFO] 05/31/2025, 02:51:40 AM | CORS enabled
ℹ️ [INFO] 05/31/2025, 02:51:40 AM | Security middlewares fully configured
ℹ️ [INFO] 05/31/2025, 02:51:40 AM | Interceptors configured
ℹ️ [INFO] 05/31/2025, 02:51:40 AM | Routes configured
ℹ️ [INFO] 05/31/2025, 02:51:40 AM | WebSocket server initialized
ℹ️ [INFO] 05/31/2025, 02:51:40 AM | Server running on port 8080
ℹ️ [INFO] 05/31/2025, 02:52:04 AM | MongoDB connected
ℹ️ [INFO] 05/31/2025, 02:52:04 AM | All plugins registered successfully
ℹ️ [INFO] 05/31/2025, 02:52:04 AM | Middlewares configured
ℹ️ [INFO] 05/31/2025, 02:52:04 AM | Helmet security headers enabled
ℹ️ [INFO] 05/31/2025, 02:52:04 AM | Rate limiting applied (100 reqs/min)
ℹ️ [INFO] 05/31/2025, 02:52:04 AM | CORS enabled
ℹ️ [INFO] 05/31/2025, 02:52:04 AM | Security middlewares fully configured
ℹ️ [INFO] 05/31/2025, 02:52:04 AM | Interceptors configured
ℹ️ [INFO] 05/31/2025, 02:52:04 AM | Routes configured
ℹ️ [INFO] 05/31/2025, 02:52:04 AM | WebSocket server initialized
ℹ️ [INFO] 05/31/2025, 02:52:04 AM | Server running on port 8080
ℹ️ [INFO] 05/31/2025, 02:52:05 AM | MongoDB connected
ℹ️ [INFO] 05/31/2025, 02:52:05 AM | All plugins registered successfully
ℹ️ [INFO] 05/31/2025, 02:52:05 AM | Middlewares configured
ℹ️ [INFO] 05/31/2025, 02:52:05 AM | Helmet security headers enabled
ℹ️ [INFO] 05/31/2025, 02:52:05 AM | Rate limiting applied (100 reqs/min)
ℹ️ [INFO] 05/31/2025, 02:52:05 AM | CORS enabled
ℹ️ [INFO] 05/31/2025, 02:52:05 AM | Security middlewares fully configured
ℹ️ [INFO] 05/31/2025, 02:52:05 AM | Interceptors configured
ℹ️ [INFO] 05/31/2025, 02:52:05 AM | Routes configured
ℹ️ [INFO] 05/31/2025, 02:52:05 AM | WebSocket server initialized
ℹ️ [INFO] 05/31/2025, 02:52:05 AM | Server running on port 8080
ℹ️ [INFO] 05/31/2025, 02:52:22 AM | MongoDB connected
ℹ️ [INFO] 05/31/2025, 02:52:22 AM | All plugins registered successfully
ℹ️ [INFO] 05/31/2025, 02:52:22 AM | Middlewares configured
ℹ️ [INFO] 05/31/2025, 02:52:22 AM | Helmet security headers enabled
ℹ️ [INFO] 05/31/2025, 02:52:22 AM | Rate limiting applied (100 reqs/min)
ℹ️ [INFO] 05/31/2025, 02:52:22 AM | CORS enabled
ℹ️ [INFO] 05/31/2025, 02:52:22 AM | Security middlewares fully configured
ℹ️ [INFO] 05/31/2025, 02:52:22 AM | Interceptors configured
ℹ️ [INFO] 05/31/2025, 02:52:22 AM | Routes configured
ℹ️ [INFO] 05/31/2025, 02:52:22 AM | WebSocket server initialized
ℹ️ [INFO] 05/31/2025, 02:52:23 AM | Server running on port 8080
ℹ️ [INFO] 05/31/2025, 02:52:26 AM | MongoDB connected
ℹ️ [INFO] 05/31/2025, 02:52:26 AM | All plugins registered successfully
ℹ️ [INFO] 05/31/2025, 02:52:26 AM | Middlewares configured
ℹ️ [INFO] 05/31/2025, 02:52:26 AM | Helmet security headers enabled
ℹ️ [INFO] 05/31/2025, 02:52:26 AM | Rate limiting applied (100 reqs/min)
ℹ️ [INFO] 05/31/2025, 02:52:26 AM | CORS enabled
ℹ️ [INFO] 05/31/2025, 02:52:26 AM | Security middlewares fully configured
ℹ️ [INFO] 05/31/2025, 02:52:26 AM | Interceptors configured
ℹ️ [INFO] 05/31/2025, 02:52:26 AM | Routes configured
ℹ️ [INFO] 05/31/2025, 02:52:26 AM | WebSocket server initialized
ℹ️ [INFO] 05/31/2025, 02:52:26 AM | Server running on port 8080
ℹ️ [INFO] 05/31/2025, 02:52:30 AM | MongoDB connected
ℹ️ [INFO] 05/31/2025, 02:52:30 AM | All plugins registered successfully
ℹ️ [INFO] 05/31/2025, 02:52:30 AM | Middlewares configured
ℹ️ [INFO] 05/31/2025, 02:52:30 AM | Helmet security headers enabled
ℹ️ [INFO] 05/31/2025, 02:52:30 AM | Rate limiting applied (100 reqs/min)
ℹ️ [INFO] 05/31/2025, 02:52:30 AM | CORS enabled
ℹ️ [INFO] 05/31/2025, 02:52:30 AM | Security middlewares fully configured
ℹ️ [INFO] 05/31/2025, 02:52:30 AM | Interceptors configured
ℹ️ [INFO] 05/31/2025, 02:52:30 AM | Routes configured
ℹ️ [INFO] 05/31/2025, 02:52:30 AM | WebSocket server initialized
ℹ️ [INFO] 05/31/2025, 02:52:30 AM | Server running on port 8080
ℹ️ [INFO] 05/31/2025, 02:55:16 AM | MongoDB connected
ℹ️ [INFO] 05/31/2025, 02:55:16 AM | All plugins registered successfully
ℹ️ [INFO] 05/31/2025, 02:55:16 AM | Middlewares configured
ℹ️ [INFO] 05/31/2025, 02:55:16 AM | Helmet security headers enabled
ℹ️ [INFO] 05/31/2025, 02:55:16 AM | Rate limiting applied (100 reqs/min)
ℹ️ [INFO] 05/31/2025, 02:55:16 AM | CORS enabled
ℹ️ [INFO] 05/31/2025, 02:55:16 AM | Security middlewares fully configured
ℹ️ [INFO] 05/31/2025, 02:55:16 AM | Interceptors configured
ℹ️ [INFO] 05/31/2025, 02:55:16 AM | Routes configured
ℹ️ [INFO] 05/31/2025, 02:55:16 AM | WebSocket server initialized
ℹ️ [INFO] 05/31/2025, 02:55:16 AM | Server running on port 8080
ℹ️ [INFO] 05/31/2025, 02:56:30 AM | MongoDB connected
ℹ️ [INFO] 05/31/2025, 02:56:30 AM | All plugins registered successfully
ℹ️ [INFO] 05/31/2025, 02:56:30 AM | Middlewares configured
ℹ️ [INFO] 05/31/2025, 02:56:30 AM | Helmet security headers enabled
ℹ️ [INFO] 05/31/2025, 02:56:30 AM | Rate limiting applied (100 reqs/min)
ℹ️ [INFO] 05/31/2025, 02:56:30 AM | CORS enabled
ℹ️ [INFO] 05/31/2025, 02:56:30 AM | Security middlewares fully configured
ℹ️ [INFO] 05/31/2025, 02:56:30 AM | Interceptors configured
ℹ️ [INFO] 05/31/2025, 02:56:30 AM | Routes configured
ℹ️ [INFO] 05/31/2025, 02:56:30 AM | WebSocket server initialized
ℹ️ [INFO] 05/31/2025, 02:56:30 AM | Server running on port 8080
ℹ️ [INFO] 05/31/2025, 02:57:02 AM | MongoDB connected
ℹ️ [INFO] 05/31/2025, 02:57:02 AM | All plugins registered successfully
ℹ️ [INFO] 05/31/2025, 02:57:02 AM | Middlewares configured
ℹ️ [INFO] 05/31/2025, 02:57:02 AM | Helmet security headers enabled
ℹ️ [INFO] 05/31/2025, 02:57:02 AM | Rate limiting applied (100 reqs/min)
ℹ️ [INFO] 05/31/2025, 02:57:02 AM | CORS enabled
ℹ️ [INFO] 05/31/2025, 02:57:02 AM | Security middlewares fully configured
ℹ️ [INFO] 05/31/2025, 02:57:02 AM | Interceptors configured
ℹ️ [INFO] 05/31/2025, 02:57:02 AM | Routes configured
ℹ️ [INFO] 05/31/2025, 02:57:02 AM | WebSocket server initialized
ℹ️ [INFO] 05/31/2025, 02:57:02 AM | Server running on port 8080
ℹ️ [INFO] 05/31/2025, 02:58:30 AM | MongoDB connected
ℹ️ [INFO] 05/31/2025, 02:58:31 AM | All plugins registered successfully
ℹ️ [INFO] 05/31/2025, 02:58:31 AM | Middlewares configured
ℹ️ [INFO] 05/31/2025, 02:58:31 AM | Helmet security headers enabled
ℹ️ [INFO] 05/31/2025, 02:58:31 AM | Rate limiting applied (100 reqs/min)
ℹ️ [INFO] 05/31/2025, 02:58:31 AM | CORS enabled
ℹ️ [INFO] 05/31/2025, 02:58:31 AM | Security middlewares fully configured
ℹ️ [INFO] 05/31/2025, 02:58:31 AM | Interceptors configured
ℹ️ [INFO] 05/31/2025, 02:58:31 AM | Routes configured
ℹ️ [INFO] 05/31/2025, 02:58:31 AM | WebSocket server initialized
ℹ️ [INFO] 05/31/2025, 02:58:31 AM | Server running on port 8080
ℹ️ [INFO] 05/31/2025, 02:58:32 AM | MongoDB connected
ℹ️ [INFO] 05/31/2025, 02:58:32 AM | All plugins registered successfully
ℹ️ [INFO] 05/31/2025, 02:58:32 AM | Middlewares configured
ℹ️ [INFO] 05/31/2025, 02:58:32 AM | Helmet security headers enabled
ℹ️ [INFO] 05/31/2025, 02:58:32 AM | Rate limiting applied (100 reqs/min)
ℹ️ [INFO] 05/31/2025, 02:58:32 AM | CORS enabled
ℹ️ [INFO] 05/31/2025, 02:58:32 AM | Security middlewares fully configured
ℹ️ [INFO] 05/31/2025, 02:58:32 AM | Interceptors configured
ℹ️ [INFO] 05/31/2025, 02:58:32 AM | Routes configured
ℹ️ [INFO] 05/31/2025, 02:58:32 AM | WebSocket server initialized
ℹ️ [INFO] 05/31/2025, 02:58:32 AM | Server running on port 8080
ℹ️ [INFO] 05/31/2025, 02:58:33 AM | MongoDB connected
ℹ️ [INFO] 05/31/2025, 02:58:33 AM | All plugins registered successfully
ℹ️ [INFO] 05/31/2025, 02:58:33 AM | Middlewares configured
ℹ️ [INFO] 05/31/2025, 02:58:33 AM | Helmet security headers enabled
ℹ️ [INFO] 05/31/2025, 02:58:33 AM | Rate limiting applied (100 reqs/min)
ℹ️ [INFO] 05/31/2025, 02:58:33 AM | CORS enabled
ℹ️ [INFO] 05/31/2025, 02:58:33 AM | Security middlewares fully configured
ℹ️ [INFO] 05/31/2025, 02:58:33 AM | Interceptors configured
ℹ️ [INFO] 05/31/2025, 02:58:33 AM | Routes configured
ℹ️ [INFO] 05/31/2025, 02:58:33 AM | WebSocket server initialized
ℹ️ [INFO] 05/31/2025, 02:58:33 AM | Server running on port 8080
ℹ️ [INFO] 05/31/2025, 02:58:34 AM | MongoDB connected
ℹ️ [INFO] 05/31/2025, 02:58:34 AM | All plugins registered successfully
ℹ️ [INFO] 05/31/2025, 02:58:34 AM | Middlewares configured
ℹ️ [INFO] 05/31/2025, 02:58:34 AM | Helmet security headers enabled
ℹ️ [INFO] 05/31/2025, 02:58:34 AM | Rate limiting applied (100 reqs/min)
ℹ️ [INFO] 05/31/2025, 02:58:34 AM | CORS enabled
ℹ️ [INFO] 05/31/2025, 02:58:34 AM | Security middlewares fully configured
ℹ️ [INFO] 05/31/2025, 02:58:34 AM | Interceptors configured
ℹ️ [INFO] 05/31/2025, 02:58:34 AM | Routes configured
ℹ️ [INFO] 05/31/2025, 02:58:34 AM | WebSocket server initialized
ℹ️ [INFO] 05/31/2025, 02:58:34 AM | Server running on port 8080
ℹ️ [INFO] 05/31/2025, 02:58:35 AM | MongoDB connected
ℹ️ [INFO] 05/31/2025, 02:58:35 AM | All plugins registered successfully
ℹ️ [INFO] 05/31/2025, 02:58:35 AM | Middlewares configured
ℹ️ [INFO] 05/31/2025, 02:58:35 AM | Helmet security headers enabled
ℹ️ [INFO] 05/31/2025, 02:58:35 AM | Rate limiting applied (100 reqs/min)
ℹ️ [INFO] 05/31/2025, 02:58:35 AM | CORS enabled
ℹ️ [INFO] 05/31/2025, 02:58:35 AM | Security middlewares fully configured
ℹ️ [INFO] 05/31/2025, 02:58:35 AM | Interceptors configured
ℹ️ [INFO] 05/31/2025, 02:58:35 AM | Routes configured
ℹ️ [INFO] 05/31/2025, 02:58:35 AM | WebSocket server initialized
ℹ️ [INFO] 05/31/2025, 02:58:35 AM | Server running on port 8080
ℹ️ [INFO] 05/31/2025, 02:58:36 AM | MongoDB connected
ℹ️ [INFO] 05/31/2025, 02:58:36 AM | All plugins registered successfully
ℹ️ [INFO] 05/31/2025, 02:58:36 AM | Middlewares configured
ℹ️ [INFO] 05/31/2025, 02:58:36 AM | Helmet security headers enabled
ℹ️ [INFO] 05/31/2025, 02:58:36 AM | Rate limiting applied (100 reqs/min)
ℹ️ [INFO] 05/31/2025, 02:58:36 AM | CORS enabled
ℹ️ [INFO] 05/31/2025, 02:58:36 AM | Security middlewares fully configured
ℹ️ [INFO] 05/31/2025, 02:58:36 AM | Interceptors configured
ℹ️ [INFO] 05/31/2025, 02:58:36 AM | Routes configured
ℹ️ [INFO] 05/31/2025, 02:58:36 AM | WebSocket server initialized
ℹ️ [INFO] 05/31/2025, 02:58:36 AM | Server running on port 8080
ℹ️ [INFO] 05/31/2025, 02:58:45 AM | MongoDB connected
ℹ️ [INFO] 05/31/2025, 02:58:45 AM | All plugins registered successfully
ℹ️ [INFO] 05/31/2025, 02:58:45 AM | Middlewares configured
ℹ️ [INFO] 05/31/2025, 02:58:45 AM | Helmet security headers enabled
ℹ️ [INFO] 05/31/2025, 02:58:45 AM | Rate limiting applied (100 reqs/min)
ℹ️ [INFO] 05/31/2025, 02:58:45 AM | CORS enabled
ℹ️ [INFO] 05/31/2025, 02:58:45 AM | Security middlewares fully configured
ℹ️ [INFO] 05/31/2025, 02:58:45 AM | Interceptors configured
ℹ️ [INFO] 05/31/2025, 02:58:45 AM | Routes configured
ℹ️ [INFO] 05/31/2025, 02:58:45 AM | WebSocket server initialized
ℹ️ [INFO] 05/31/2025, 02:58:45 AM | Server running on port 8080
ℹ️ [INFO] 05/31/2025, 02:58:46 AM | MongoDB connected
ℹ️ [INFO] 05/31/2025, 02:58:46 AM | All plugins registered successfully
ℹ️ [INFO] 05/31/2025, 02:58:46 AM | Middlewares configured
ℹ️ [INFO] 05/31/2025, 02:58:46 AM | Helmet security headers enabled
ℹ️ [INFO] 05/31/2025, 02:58:46 AM | Rate limiting applied (100 reqs/min)
ℹ️ [INFO] 05/31/2025, 02:58:46 AM | CORS enabled
ℹ️ [INFO] 05/31/2025, 02:58:46 AM | Security middlewares fully configured
ℹ️ [INFO] 05/31/2025, 02:58:46 AM | Interceptors configured
ℹ️ [INFO] 05/31/2025, 02:58:46 AM | Routes configured
ℹ️ [INFO] 05/31/2025, 02:58:46 AM | WebSocket server initialized
ℹ️ [INFO] 05/31/2025, 02:58:46 AM | Server running on port 8080
ℹ️ [INFO] 05/31/2025, 03:00:13 AM | User object: {"id":"68261c189793af40ff160090","email":"superadmin@gmail.com","username":"superadmin","userType":"ADMIN","adminStatus":"SUPER_ADMIN","featureAccess":[{"id":1,"feature":"HOME","access":"FULL_ACCESS","_id":"68261c189793af40ff160099"},{"id":2,"feature":"ADD_TICKET","access":"FULL_ACCESS","_id":"68261c189793af40ff16009a"},{"id":3,"feature":"VIEW_TICKET","access":"FULL_ACCESS","_id":"68261c189793af40ff16009b"},{"id":4,"feature":"EDIT_TICKET","access":"FULL_ACCESS","_id":"68261c189793af40ff16009c"},{"id":5,"feature":"DELETE_TICKET","access":"FULL_ACCESS","_id":"68261c189793af40ff16009d"},{"id":6,"feature":"ALL_TICKETS","access":"NO_ACCESS","_id":"68261c189793af40ff16009e"},{"id":7,"feature":"MY_TICKETS","access":"FULL_ACCESS","_id":"68261c189793af40ff16009f"}]}
❗ [ERROR] 05/31/2025, 03:00:13 AM | Error creating category: Category validation failed: slug: Path `slug` is required.
❗ [ERROR] 05/31/2025, 03:00:13 AM | Error creating category: Category validation failed: slug: Path `slug` is required.
ℹ️ [INFO] 05/31/2025, 03:01:33 AM | MongoDB connected
ℹ️ [INFO] 05/31/2025, 03:01:33 AM | All plugins registered successfully
ℹ️ [INFO] 05/31/2025, 03:01:33 AM | Middlewares configured
ℹ️ [INFO] 05/31/2025, 03:01:33 AM | Helmet security headers enabled
ℹ️ [INFO] 05/31/2025, 03:01:33 AM | Rate limiting applied (100 reqs/min)
ℹ️ [INFO] 05/31/2025, 03:01:33 AM | CORS enabled
ℹ️ [INFO] 05/31/2025, 03:01:33 AM | Security middlewares fully configured
ℹ️ [INFO] 05/31/2025, 03:01:33 AM | Interceptors configured
ℹ️ [INFO] 05/31/2025, 03:01:33 AM | Routes configured
ℹ️ [INFO] 05/31/2025, 03:01:33 AM | WebSocket server initialized
ℹ️ [INFO] 05/31/2025, 03:01:33 AM | Server running on port 8080
ℹ️ [INFO] 05/31/2025, 03:01:37 AM | User object: {"id":"68261c189793af40ff160090","email":"superadmin@gmail.com","username":"superadmin","userType":"ADMIN","adminStatus":"SUPER_ADMIN","featureAccess":[{"id":1,"feature":"HOME","access":"FULL_ACCESS","_id":"68261c189793af40ff160099"},{"id":2,"feature":"ADD_TICKET","access":"FULL_ACCESS","_id":"68261c189793af40ff16009a"},{"id":3,"feature":"VIEW_TICKET","access":"FULL_ACCESS","_id":"68261c189793af40ff16009b"},{"id":4,"feature":"EDIT_TICKET","access":"FULL_ACCESS","_id":"68261c189793af40ff16009c"},{"id":5,"feature":"DELETE_TICKET","access":"FULL_ACCESS","_id":"68261c189793af40ff16009d"},{"id":6,"feature":"ALL_TICKETS","access":"NO_ACCESS","_id":"68261c189793af40ff16009e"},{"id":7,"feature":"MY_TICKETS","access":"FULL_ACCESS","_id":"68261c189793af40ff16009f"}]}
ℹ️ [INFO] 05/31/2025, 03:01:37 AM | Notification saved: ADD_CATEGORY, ID: 683a3fd93ddb0251bad146f5
ℹ️ [INFO] 05/31/2025, 03:01:37 AM | Notification sent via WebSocket: ADD_CATEGORY
ℹ️ [INFO] 05/31/2025, 03:01:37 AM | Category کالای دیجیتال created by superadmin@gmail.com
ℹ️ [INFO] 05/31/2025, 03:03:14 AM | User object: {"id":"68261c189793af40ff160090","email":"superadmin@gmail.com","username":"superadmin","userType":"ADMIN","adminStatus":"SUPER_ADMIN","featureAccess":[{"id":1,"feature":"HOME","access":"FULL_ACCESS","_id":"68261c189793af40ff160099"},{"id":2,"feature":"ADD_TICKET","access":"FULL_ACCESS","_id":"68261c189793af40ff16009a"},{"id":3,"feature":"VIEW_TICKET","access":"FULL_ACCESS","_id":"68261c189793af40ff16009b"},{"id":4,"feature":"EDIT_TICKET","access":"FULL_ACCESS","_id":"68261c189793af40ff16009c"},{"id":5,"feature":"DELETE_TICKET","access":"FULL_ACCESS","_id":"68261c189793af40ff16009d"},{"id":6,"feature":"ALL_TICKETS","access":"NO_ACCESS","_id":"68261c189793af40ff16009e"},{"id":7,"feature":"MY_TICKETS","access":"FULL_ACCESS","_id":"68261c189793af40ff16009f"}]}
ℹ️ [INFO] 05/31/2025, 03:03:14 AM | Notification saved: ADD_CATEGORY, ID: 683a403a3ddb0251bad14705
ℹ️ [INFO] 05/31/2025, 03:03:14 AM | Notification sent via WebSocket: ADD_CATEGORY
ℹ️ [INFO] 05/31/2025, 03:03:14 AM | Category موبایل created by superadmin@gmail.com
ℹ️ [INFO] 05/31/2025, 03:04:28 AM | User object: {"id":"68261c189793af40ff160090","email":"superadmin@gmail.com","username":"superadmin","userType":"ADMIN","adminStatus":"SUPER_ADMIN","featureAccess":[{"id":1,"feature":"HOME","access":"FULL_ACCESS","_id":"68261c189793af40ff160099"},{"id":2,"feature":"ADD_TICKET","access":"FULL_ACCESS","_id":"68261c189793af40ff16009a"},{"id":3,"feature":"VIEW_TICKET","access":"FULL_ACCESS","_id":"68261c189793af40ff16009b"},{"id":4,"feature":"EDIT_TICKET","access":"FULL_ACCESS","_id":"68261c189793af40ff16009c"},{"id":5,"feature":"DELETE_TICKET","access":"FULL_ACCESS","_id":"68261c189793af40ff16009d"},{"id":6,"feature":"ALL_TICKETS","access":"NO_ACCESS","_id":"68261c189793af40ff16009e"},{"id":7,"feature":"MY_TICKETS","access":"FULL_ACCESS","_id":"68261c189793af40ff16009f"}]}
ℹ️ [INFO] 05/31/2025, 03:04:28 AM | Notification saved: ADD_CATEGORY, ID: 683a40843ddb0251bad14717
ℹ️ [INFO] 05/31/2025, 03:04:28 AM | Notification sent via WebSocket: ADD_CATEGORY
ℹ️ [INFO] 05/31/2025, 03:04:28 AM | Category گوشی آیفون created by superadmin@gmail.com
ℹ️ [INFO] 05/31/2025, 03:05:09 AM | User object: {"id":"68261c189793af40ff160090","email":"superadmin@gmail.com","username":"superadmin","userType":"ADMIN","adminStatus":"SUPER_ADMIN","featureAccess":[{"id":1,"feature":"HOME","access":"FULL_ACCESS","_id":"68261c189793af40ff160099"},{"id":2,"feature":"ADD_TICKET","access":"FULL_ACCESS","_id":"68261c189793af40ff16009a"},{"id":3,"feature":"VIEW_TICKET","access":"FULL_ACCESS","_id":"68261c189793af40ff16009b"},{"id":4,"feature":"EDIT_TICKET","access":"FULL_ACCESS","_id":"68261c189793af40ff16009c"},{"id":5,"feature":"DELETE_TICKET","access":"FULL_ACCESS","_id":"68261c189793af40ff16009d"},{"id":6,"feature":"ALL_TICKETS","access":"NO_ACCESS","_id":"68261c189793af40ff16009e"},{"id":7,"feature":"MY_TICKETS","access":"FULL_ACCESS","_id":"68261c189793af40ff16009f"}]}
ℹ️ [INFO] 05/31/2025, 03:05:09 AM | Notification saved: ADD_CATEGORY, ID: 683a40ad3ddb0251bad14729
ℹ️ [INFO] 05/31/2025, 03:05:09 AM | Notification sent via WebSocket: ADD_CATEGORY
ℹ️ [INFO] 05/31/2025, 03:05:09 AM | Category گوشی سامسونگ created by superadmin@gmail.com
❗ [ERROR] 05/31/2025, 03:12:32 AM | Error creating product: Expected property name or '}' in JSON at position 1 (line 1 column 2)
ℹ️ [INFO] 05/31/2025, 03:17:50 AM | Upload directories initialized successfully
ℹ️ [INFO] 05/31/2025, 03:17:50 AM | ✅ Product main image uploaded for superadmin@gmail.com => product-main-superadmin-68261c189793af40ff160090-20250531031750.jpeg
ℹ️ [INFO] 05/31/2025, 03:17:50 AM | Upload directories initialized successfully
ℹ️ [INFO] 05/31/2025, 03:17:50 AM | ✅ Product media uploaded for superadmin@gmail.com => product-superadmin-68261c189793af40ff160090-20250531031750.jpeg
ℹ️ [INFO] 05/31/2025, 03:17:50 AM | Notification saved: ADD_PRODUCT, ID: 683a43a63ddb0251bad14744
ℹ️ [INFO] 05/31/2025, 03:17:50 AM | Notification sent via WebSocket: ADD_PRODUCT
ℹ️ [INFO] 05/31/2025, 03:17:50 AM | Product created by user: superadmin@gmail.com
ℹ️ [INFO] 05/31/2025, 03:21:32 AM | Upload directories initialized successfully
ℹ️ [INFO] 05/31/2025, 03:21:32 AM | ✅ Product main image uploaded for superadmin@gmail.com => product-main-superadmin-68261c189793af40ff160090-20250531032132.jpeg
ℹ️ [INFO] 05/31/2025, 03:21:32 AM | Upload directories initialized successfully
ℹ️ [INFO] 05/31/2025, 03:21:32 AM | ✅ Product media uploaded for superadmin@gmail.com => product-superadmin-68261c189793af40ff160090-20250531032132.jpeg
ℹ️ [INFO] 05/31/2025, 03:21:32 AM | Notification saved: ADD_PRODUCT, ID: 683a44843ddb0251bad14757
ℹ️ [INFO] 05/31/2025, 03:21:32 AM | Notification sent via WebSocket: ADD_PRODUCT
ℹ️ [INFO] 05/31/2025, 03:21:32 AM | Product created by user: superadmin@gmail.com
ℹ️ [INFO] 05/31/2025, 03:23:35 AM | Upload directories initialized successfully
ℹ️ [INFO] 05/31/2025, 03:23:35 AM | ✅ Product main image uploaded for superadmin@gmail.com => product-main-superadmin-68261c189793af40ff160090-20250531032335.png
ℹ️ [INFO] 05/31/2025, 03:23:35 AM | Upload directories initialized successfully
ℹ️ [INFO] 05/31/2025, 03:23:35 AM | ✅ Product media uploaded for superadmin@gmail.com => product-superadmin-68261c189793af40ff160090-20250531032335.jpeg
ℹ️ [INFO] 05/31/2025, 03:23:35 AM | Notification saved: ADD_PRODUCT, ID: 683a44ff3ddb0251bad1476a
ℹ️ [INFO] 05/31/2025, 03:23:35 AM | Notification sent via WebSocket: ADD_PRODUCT
ℹ️ [INFO] 05/31/2025, 03:23:35 AM | Product created by user: superadmin@gmail.com
ℹ️ [INFO] 05/31/2025, 03:25:13 AM | Upload directories initialized successfully
ℹ️ [INFO] 05/31/2025, 03:25:13 AM | ✅ Product main image uploaded for superadmin@gmail.com => product-main-superadmin-68261c189793af40ff160090-20250531032513.jpeg
ℹ️ [INFO] 05/31/2025, 03:25:13 AM | Upload directories initialized successfully
ℹ️ [INFO] 05/31/2025, 03:25:13 AM | ✅ Product media uploaded for superadmin@gmail.com => product-superadmin-68261c189793af40ff160090-20250531032513.png
ℹ️ [INFO] 05/31/2025, 03:25:13 AM | Notification saved: ADD_PRODUCT, ID: 683a45613ddb0251bad1477d
ℹ️ [INFO] 05/31/2025, 03:25:13 AM | Notification sent via WebSocket: ADD_PRODUCT
ℹ️ [INFO] 05/31/2025, 03:25:13 AM | Product created by user: superadmin@gmail.com
ℹ️ [INFO] 05/31/2025, 03:26:32 AM | Upload directories initialized successfully
ℹ️ [INFO] 05/31/2025, 03:26:32 AM | ✅ Product main image uploaded for superadmin@gmail.com => product-main-superadmin-68261c189793af40ff160090-20250531032632.jpeg
ℹ️ [INFO] 05/31/2025, 03:26:32 AM | Upload directories initialized successfully
ℹ️ [INFO] 05/31/2025, 03:26:32 AM | ✅ Product media uploaded for superadmin@gmail.com => product-superadmin-68261c189793af40ff160090-20250531032632.jpeg
ℹ️ [INFO] 05/31/2025, 03:26:32 AM | Notification saved: ADD_PRODUCT, ID: 683a45b03ddb0251bad14790
ℹ️ [INFO] 05/31/2025, 03:26:32 AM | Notification sent via WebSocket: ADD_PRODUCT
ℹ️ [INFO] 05/31/2025, 03:26:32 AM | Product created by user: superadmin@gmail.com
ℹ️ [INFO] 05/31/2025, 03:27:51 AM | Notification saved: UPDATE_PRODUCT_SPEC, ID: 683a45ff3ddb0251bad147a1
ℹ️ [INFO] 05/31/2025, 03:27:51 AM | Notification sent via WebSocket: UPDATE_PRODUCT_SPEC
ℹ️ [INFO] 05/31/2025, 03:27:51 AM | Product 68390be39a9e772b41f080a8 updated by user superadmin@gmail.com
ℹ️ [INFO] 05/31/2025, 03:28:05 AM | Notification saved: UPDATE_PRODUCT_SPEC, ID: 683a460d3ddb0251bad147b2
ℹ️ [INFO] 05/31/2025, 03:28:05 AM | Notification sent via WebSocket: UPDATE_PRODUCT_SPEC
ℹ️ [INFO] 05/31/2025, 03:28:05 AM | Product 683a43a63ddb0251bad1473d updated by user superadmin@gmail.com
ℹ️ [INFO] 05/31/2025, 03:28:12 AM | Notification saved: UPDATE_PRODUCT_SPEC, ID: 683a46143ddb0251bad147c3
ℹ️ [INFO] 05/31/2025, 03:28:12 AM | Notification sent via WebSocket: UPDATE_PRODUCT_SPEC
ℹ️ [INFO] 05/31/2025, 03:28:12 AM | Product 683a44843ddb0251bad14750 updated by user superadmin@gmail.com
ℹ️ [INFO] 05/31/2025, 03:28:18 AM | Notification saved: UPDATE_PRODUCT_SPEC, ID: 683a461a3ddb0251bad147d4
ℹ️ [INFO] 05/31/2025, 03:28:18 AM | Notification sent via WebSocket: UPDATE_PRODUCT_SPEC
ℹ️ [INFO] 05/31/2025, 03:28:18 AM | Product 683a44ff3ddb0251bad14763 updated by user superadmin@gmail.com
ℹ️ [INFO] 05/31/2025, 03:28:24 AM | Notification saved: UPDATE_PRODUCT_SPEC, ID: 683a46203ddb0251bad147e5
ℹ️ [INFO] 05/31/2025, 03:28:24 AM | Notification sent via WebSocket: UPDATE_PRODUCT_SPEC
ℹ️ [INFO] 05/31/2025, 03:28:24 AM | Product 683a45613ddb0251bad14776 updated by user superadmin@gmail.com
ℹ️ [INFO] 05/31/2025, 03:28:30 AM | Notification saved: UPDATE_PRODUCT_SPEC, ID: 683a46263ddb0251bad147f6
ℹ️ [INFO] 05/31/2025, 03:28:30 AM | Notification sent via WebSocket: UPDATE_PRODUCT_SPEC
ℹ️ [INFO] 05/31/2025, 03:28:30 AM | Product 683a45b03ddb0251bad14789 updated by user superadmin@gmail.com
ℹ️ [INFO] 05/31/2025, 03:29:08 AM | Product list retrieved by unauthenticated user
ℹ️ [INFO] 05/31/2025, 03:50:38 AM | MongoDB connected
ℹ️ [INFO] 05/31/2025, 03:50:38 AM | All plugins registered successfully
ℹ️ [INFO] 05/31/2025, 03:50:38 AM | Middlewares configured
ℹ️ [INFO] 05/31/2025, 03:50:38 AM | Helmet security headers enabled
ℹ️ [INFO] 05/31/2025, 03:50:38 AM | Rate limiting applied (100 reqs/min)
ℹ️ [INFO] 05/31/2025, 03:50:38 AM | CORS enabled
ℹ️ [INFO] 05/31/2025, 03:50:38 AM | Security middlewares fully configured
ℹ️ [INFO] 05/31/2025, 03:50:38 AM | Interceptors configured
ℹ️ [INFO] 05/31/2025, 03:50:38 AM | Routes configured
ℹ️ [INFO] 05/31/2025, 03:50:38 AM | WebSocket server initialized
ℹ️ [INFO] 05/31/2025, 03:50:38 AM | Server running on port 8080
ℹ️ [INFO] 05/31/2025, 03:53:14 AM | MongoDB connected
ℹ️ [INFO] 05/31/2025, 03:53:14 AM | All plugins registered successfully
ℹ️ [INFO] 05/31/2025, 03:53:14 AM | Middlewares configured
ℹ️ [INFO] 05/31/2025, 03:53:14 AM | Helmet security headers enabled
ℹ️ [INFO] 05/31/2025, 03:53:14 AM | Rate limiting applied (100 reqs/min)
ℹ️ [INFO] 05/31/2025, 03:53:14 AM | CORS enabled
ℹ️ [INFO] 05/31/2025, 03:53:14 AM | Security middlewares fully configured
ℹ️ [INFO] 05/31/2025, 03:53:14 AM | Interceptors configured
ℹ️ [INFO] 05/31/2025, 03:53:14 AM | Routes configured
ℹ️ [INFO] 05/31/2025, 03:53:14 AM | WebSocket server initialized
ℹ️ [INFO] 05/31/2025, 03:53:14 AM | Server running on port 8080
ℹ️ [INFO] 05/31/2025, 03:53:15 AM | MongoDB connected
ℹ️ [INFO] 05/31/2025, 03:53:15 AM | All plugins registered successfully
ℹ️ [INFO] 05/31/2025, 03:53:15 AM | Middlewares configured
ℹ️ [INFO] 05/31/2025, 03:53:15 AM | Helmet security headers enabled
ℹ️ [INFO] 05/31/2025, 03:53:15 AM | Rate limiting applied (100 reqs/min)
ℹ️ [INFO] 05/31/2025, 03:53:15 AM | CORS enabled
ℹ️ [INFO] 05/31/2025, 03:53:15 AM | Security middlewares fully configured
ℹ️ [INFO] 05/31/2025, 03:53:15 AM | Interceptors configured
ℹ️ [INFO] 05/31/2025, 03:53:15 AM | Routes configured
ℹ️ [INFO] 05/31/2025, 03:53:15 AM | WebSocket server initialized
ℹ️ [INFO] 05/31/2025, 03:53:15 AM | Server running on port 8080
ℹ️ [INFO] 05/31/2025, 03:55:51 AM | MongoDB connected
ℹ️ [INFO] 05/31/2025, 03:55:51 AM | All plugins registered successfully
ℹ️ [INFO] 05/31/2025, 03:55:51 AM | Middlewares configured
ℹ️ [INFO] 05/31/2025, 03:55:51 AM | Helmet security headers enabled
ℹ️ [INFO] 05/31/2025, 03:55:51 AM | Rate limiting applied (100 reqs/min)
ℹ️ [INFO] 05/31/2025, 03:55:51 AM | CORS enabled
ℹ️ [INFO] 05/31/2025, 03:55:51 AM | Security middlewares fully configured
ℹ️ [INFO] 05/31/2025, 03:55:51 AM | Interceptors configured
ℹ️ [INFO] 05/31/2025, 03:55:51 AM | Routes configured
ℹ️ [INFO] 05/31/2025, 03:55:51 AM | WebSocket server initialized
ℹ️ [INFO] 05/31/2025, 03:55:51 AM | Server running on port 8080
ℹ️ [INFO] 05/31/2025, 04:23:06 AM | MongoDB connected
ℹ️ [INFO] 05/31/2025, 04:23:06 AM | All plugins registered successfully
ℹ️ [INFO] 05/31/2025, 04:23:06 AM | Middlewares configured
ℹ️ [INFO] 05/31/2025, 04:23:06 AM | Helmet security headers enabled
ℹ️ [INFO] 05/31/2025, 04:23:06 AM | Rate limiting applied (100 reqs/min)
ℹ️ [INFO] 05/31/2025, 04:23:06 AM | CORS enabled
ℹ️ [INFO] 05/31/2025, 04:23:06 AM | Security middlewares fully configured
ℹ️ [INFO] 05/31/2025, 04:23:06 AM | Interceptors configured
ℹ️ [INFO] 05/31/2025, 04:23:06 AM | Routes configured
ℹ️ [INFO] 05/31/2025, 04:23:06 AM | WebSocket server initialized
ℹ️ [INFO] 05/31/2025, 04:23:06 AM | Server running on port 8080
ℹ️ [INFO] 05/31/2025, 04:25:12 AM | MongoDB connected
ℹ️ [INFO] 05/31/2025, 04:25:12 AM | All plugins registered successfully
ℹ️ [INFO] 05/31/2025, 04:25:12 AM | Middlewares configured
ℹ️ [INFO] 05/31/2025, 04:25:12 AM | Helmet security headers enabled
ℹ️ [INFO] 05/31/2025, 04:25:12 AM | Rate limiting applied (100 reqs/min)
ℹ️ [INFO] 05/31/2025, 04:25:12 AM | CORS enabled
ℹ️ [INFO] 05/31/2025, 04:25:12 AM | Security middlewares fully configured
ℹ️ [INFO] 05/31/2025, 04:25:12 AM | Interceptors configured
ℹ️ [INFO] 05/31/2025, 04:25:12 AM | Routes configured
ℹ️ [INFO] 05/31/2025, 04:25:12 AM | WebSocket server initialized
ℹ️ [INFO] 05/31/2025, 04:25:12 AM | Server running on port 8080
ℹ️ [INFO] 05/31/2025, 04:25:13 AM | MongoDB connected
ℹ️ [INFO] 05/31/2025, 04:25:13 AM | All plugins registered successfully
ℹ️ [INFO] 05/31/2025, 04:25:13 AM | Middlewares configured
ℹ️ [INFO] 05/31/2025, 04:25:13 AM | Helmet security headers enabled
ℹ️ [INFO] 05/31/2025, 04:25:13 AM | Rate limiting applied (100 reqs/min)
ℹ️ [INFO] 05/31/2025, 04:25:13 AM | CORS enabled
ℹ️ [INFO] 05/31/2025, 04:25:13 AM | Security middlewares fully configured
ℹ️ [INFO] 05/31/2025, 04:25:13 AM | Interceptors configured
ℹ️ [INFO] 05/31/2025, 04:25:13 AM | Routes configured
ℹ️ [INFO] 05/31/2025, 04:25:13 AM | WebSocket server initialized
ℹ️ [INFO] 05/31/2025, 04:25:13 AM | Server running on port 8080
ℹ️ [INFO] 05/31/2025, 04:28:58 AM | MongoDB connected
ℹ️ [INFO] 05/31/2025, 04:28:58 AM | All plugins registered successfully
ℹ️ [INFO] 05/31/2025, 04:28:58 AM | Middlewares configured
ℹ️ [INFO] 05/31/2025, 04:28:58 AM | Helmet security headers enabled
ℹ️ [INFO] 05/31/2025, 04:28:58 AM | Rate limiting applied (100 reqs/min)
ℹ️ [INFO] 05/31/2025, 04:28:58 AM | CORS enabled
ℹ️ [INFO] 05/31/2025, 04:28:58 AM | Security middlewares fully configured
ℹ️ [INFO] 05/31/2025, 04:28:58 AM | Interceptors configured
ℹ️ [INFO] 05/31/2025, 04:28:58 AM | Routes configured
ℹ️ [INFO] 05/31/2025, 04:28:58 AM | WebSocket server initialized
ℹ️ [INFO] 05/31/2025, 04:28:58 AM | Server running on port 8080
ℹ️ [INFO] 05/31/2025, 04:29:00 AM | MongoDB connected
ℹ️ [INFO] 05/31/2025, 04:29:00 AM | All plugins registered successfully
ℹ️ [INFO] 05/31/2025, 04:29:00 AM | Middlewares configured
ℹ️ [INFO] 05/31/2025, 04:29:00 AM | Helmet security headers enabled
ℹ️ [INFO] 05/31/2025, 04:29:00 AM | Rate limiting applied (100 reqs/min)
ℹ️ [INFO] 05/31/2025, 04:29:00 AM | CORS enabled
ℹ️ [INFO] 05/31/2025, 04:29:00 AM | Security middlewares fully configured
ℹ️ [INFO] 05/31/2025, 04:29:00 AM | Interceptors configured
ℹ️ [INFO] 05/31/2025, 04:29:00 AM | Routes configured
ℹ️ [INFO] 05/31/2025, 04:29:00 AM | WebSocket server initialized
ℹ️ [INFO] 05/31/2025, 04:29:00 AM | Server running on port 8080
ℹ️ [INFO] 05/31/2025, 04:29:45 AM | Login attempt for existing user: superadmin@gmail.com
ℹ️ [INFO] 05/31/2025, 04:29:45 AM | Auth processed for: superadmin@gmail.com
⚠️ [WARN] 05/31/2025, 04:29:47 AM | Failed to send verification email to superadmin@gmail.com: Missing credentials for "PLAIN"
ℹ️ [INFO] 05/31/2025, 04:29:47 AM | Verification code for superadmin@gmail.com: 852477
ℹ️ [INFO] 05/31/2025, 04:30:04 AM | Notification saved: ACTIVATE_USER, ID: 683a54943e0178d68c745dfb
ℹ️ [INFO] 05/31/2025, 04:30:04 AM | Notification sent via WebSocket: ACTIVATE_USER
ℹ️ [INFO] 05/31/2025, 04:30:04 AM | User verified: superadmin@gmail.com
ℹ️ [INFO] 05/31/2025, 04:30:38 AM | Starting to process multipart form-data
ℹ️ [INFO] 05/31/2025, 04:30:38 AM | Processing part: name, type: field
ℹ️ [INFO] 05/31/2025, 04:30:38 AM | Field collected: name = گوشی سامسونگ گلکسی S23
ℹ️ [INFO] 05/31/2025, 04:30:38 AM | Processing part: description, type: field
ℹ️ [INFO] 05/31/2025, 04:30:38 AM | Field collected: description = گلکسی S23 با پردازنده قدرتمند، دوربین 50 مگاپیکسلی و نمایشگر 120Hz
ℹ️ [INFO] 05/31/2025, 04:30:38 AM | Processing part: price, type: field
ℹ️ [INFO] 05/31/2025, 04:30:38 AM | Field collected: price = 29999000
ℹ️ [INFO] 05/31/2025, 04:30:38 AM | Processing part: discountPrice, type: field
ℹ️ [INFO] 05/31/2025, 04:30:38 AM | Field collected: discountPrice = 26999000
ℹ️ [INFO] 05/31/2025, 04:30:38 AM | Processing part: stock, type: field
ℹ️ [INFO] 05/31/2025, 04:30:38 AM | Field collected: stock = 50
ℹ️ [INFO] 05/31/2025, 04:30:38 AM | Processing part: categoryId, type: field
ℹ️ [INFO] 05/31/2025, 04:30:38 AM | Field collected: categoryId = 683a40ad3ddb0251bad14725
ℹ️ [INFO] 05/31/2025, 04:30:38 AM | Processing part: brand, type: field
ℹ️ [INFO] 05/31/2025, 04:30:38 AM | Field collected: brand = Samsung
ℹ️ [INFO] 05/31/2025, 04:30:38 AM | Processing part: attributes, type: field
ℹ️ [INFO] 05/31/2025, 04:30:38 AM | Attributes collected: {"ram": "8GB", "storage": "256GB"}
ℹ️ [INFO] 05/31/2025, 04:30:38 AM | Processing part: tags[], type: field
ℹ️ [INFO] 05/31/2025, 04:30:38 AM | Field collected: tags[] = samsung
ℹ️ [INFO] 05/31/2025, 04:30:38 AM | Processing part: tags[], type: field
ℹ️ [INFO] 05/31/2025, 04:30:38 AM | Field collected: tags[] = galaxy
ℹ️ [INFO] 05/31/2025, 04:30:38 AM | Processing part: mainImage, type: file
ℹ️ [INFO] 05/31/2025, 04:30:38 AM | Main image collected
ℹ️ [INFO] 05/31/2025, 04:30:38 AM | Processing part: media, type: file
ℹ️ [INFO] 05/31/2025, 04:30:38 AM | Media file collected: s-l1200.jpg
ℹ️ [INFO] 05/31/2025, 04:30:38 AM | Collected productData: {"name":"گوشی سامسونگ گلکسی S23","description":"گلکسی S23 با پردازنده قدرتمند، دوربین 50 مگاپیکسلی و نمایشگر 120Hz","price":"29999000","discountPrice":"26999000","stock":"50","categoryId":"683a40ad3ddb0251bad14725","brand":"Samsung","attributes":{"ram":"8GB","storage":"256GB"},"tags":["samsung","galaxy"]}
ℹ️ [INFO] 05/31/2025, 04:30:38 AM | Main image present: true
ℹ️ [INFO] 05/31/2025, 04:30:38 AM | Media files count: 1
ℹ️ [INFO] 05/31/2025, 04:30:38 AM | Uploading main image
ℹ️ [INFO] 05/31/2025, 04:30:38 AM | Upload directories initialized successfully
ℹ️ [INFO] 05/31/2025, 04:30:38 AM | ✅ Product main image uploaded locally for superadmin@gmail.com => product-main-superadmin-68261c189793af40ff160090-20250531043038.jpeg
ℹ️ [INFO] 05/31/2025, 04:30:38 AM | Main image uploaded: /uploads/product/images/product-main-superadmin-68261c189793af40ff160090-20250531043038.jpeg
ℹ️ [INFO] 05/31/2025, 04:30:38 AM | Creating product in database
ℹ️ [INFO] 05/31/2025, 04:30:38 AM | Product created with ID: 683a54b63e0178d68c745e07
ℹ️ [INFO] 05/31/2025, 04:30:38 AM | Uploading 1 media files
ℹ️ [INFO] 05/31/2025, 04:30:38 AM | Processing 1 media files for product 683a54b63e0178d68c745e07
ℹ️ [INFO] 05/31/2025, 04:30:38 AM | Generated filename: product-superadmin-683a54b63e0178d68c745e07-20250531043038.jpeg
ℹ️ [INFO] 05/31/2025, 04:30:38 AM | Upload directories initialized successfully
ℹ️ [INFO] 05/31/2025, 04:30:38 AM | Saving file locally: /Users/devrct/Developer/server/src/Uploads/product/images/product-superadmin-683a54b63e0178d68c745e07-20250531043038.jpeg
ℹ️ [INFO] 05/31/2025, 04:30:38 AM | ✅ Product media uploaded locally for superadmin@gmail.com => /uploads/product/images/product-superadmin-683a54b63e0178d68c745e07-20250531043038.jpeg
ℹ️ [INFO] 05/31/2025, 04:30:38 AM | Added file to uploadedFiles: s-l1200.jpg
ℹ️ [INFO] 05/31/2025, 04:30:38 AM | Successfully uploaded 1 media files
ℹ️ [INFO] 05/31/2025, 04:30:38 AM | Media uploaded: [{"type":"IMAGE","url":"/uploads/product/images/product-superadmin-683a54b63e0178d68c745e07-20250531043038.jpeg","mimeType":"image/jpeg","size":48240,"caption":"","altText":"","uploadedBy":"68261c189793af40ff160090"}]
ℹ️ [INFO] 05/31/2025, 04:30:38 AM | Updating product with media
ℹ️ [INFO] 05/31/2025, 04:30:38 AM | Product updated with media
ℹ️ [INFO] 05/31/2025, 04:30:38 AM | Notification saved: ADD_PRODUCT, ID: 683a54b63e0178d68c745e11
ℹ️ [INFO] 05/31/2025, 04:30:38 AM | Notification sent via WebSocket: ADD_PRODUCT
ℹ️ [INFO] 05/31/2025, 04:30:38 AM | Product created by user: superadmin@gmail.com
ℹ️ [INFO] 05/31/2025, 04:50:33 AM | MongoDB connected
ℹ️ [INFO] 05/31/2025, 04:50:33 AM | All plugins registered successfully
ℹ️ [INFO] 05/31/2025, 04:50:33 AM | Middlewares configured
ℹ️ [INFO] 05/31/2025, 04:50:33 AM | Helmet security headers enabled
ℹ️ [INFO] 05/31/2025, 04:50:33 AM | Rate limiting applied (100 reqs/min)
ℹ️ [INFO] 05/31/2025, 04:50:33 AM | CORS enabled
ℹ️ [INFO] 05/31/2025, 04:50:33 AM | Security middlewares fully configured
ℹ️ [INFO] 05/31/2025, 04:50:33 AM | Interceptors configured
ℹ️ [INFO] 05/31/2025, 04:50:33 AM | Routes configured
ℹ️ [INFO] 05/31/2025, 04:50:33 AM | WebSocket server initialized
ℹ️ [INFO] 05/31/2025, 04:50:33 AM | Server running on port 8080
ℹ️ [INFO] 05/31/2025, 04:50:34 AM | MongoDB connected
ℹ️ [INFO] 05/31/2025, 04:50:34 AM | All plugins registered successfully
ℹ️ [INFO] 05/31/2025, 04:50:34 AM | Middlewares configured
ℹ️ [INFO] 05/31/2025, 04:50:34 AM | Helmet security headers enabled
ℹ️ [INFO] 05/31/2025, 04:50:34 AM | Rate limiting applied (100 reqs/min)
ℹ️ [INFO] 05/31/2025, 04:50:34 AM | CORS enabled
ℹ️ [INFO] 05/31/2025, 04:50:34 AM | Security middlewares fully configured
ℹ️ [INFO] 05/31/2025, 04:50:34 AM | Interceptors configured
ℹ️ [INFO] 05/31/2025, 04:50:34 AM | Routes configured
ℹ️ [INFO] 05/31/2025, 04:50:34 AM | WebSocket server initialized
ℹ️ [INFO] 05/31/2025, 04:50:34 AM | Server running on port 8080
ℹ️ [INFO] 05/31/2025, 04:50:48 AM | MongoDB connected
ℹ️ [INFO] 05/31/2025, 04:50:48 AM | All plugins registered successfully
ℹ️ [INFO] 05/31/2025, 04:50:48 AM | Middlewares configured
ℹ️ [INFO] 05/31/2025, 04:50:48 AM | Helmet security headers enabled
ℹ️ [INFO] 05/31/2025, 04:50:48 AM | Rate limiting applied (100 reqs/min)
ℹ️ [INFO] 05/31/2025, 04:50:48 AM | CORS enabled
ℹ️ [INFO] 05/31/2025, 04:50:48 AM | Security middlewares fully configured
ℹ️ [INFO] 05/31/2025, 04:50:48 AM | Interceptors configured
ℹ️ [INFO] 05/31/2025, 04:50:48 AM | Routes configured
ℹ️ [INFO] 05/31/2025, 04:50:48 AM | WebSocket server initialized
ℹ️ [INFO] 05/31/2025, 04:50:49 AM | Server running on port 8080
ℹ️ [INFO] 05/31/2025, 04:50:49 AM | MongoDB connected
ℹ️ [INFO] 05/31/2025, 04:50:49 AM | All plugins registered successfully
ℹ️ [INFO] 05/31/2025, 04:50:49 AM | Middlewares configured
ℹ️ [INFO] 05/31/2025, 04:50:49 AM | Helmet security headers enabled
ℹ️ [INFO] 05/31/2025, 04:50:49 AM | Rate limiting applied (100 reqs/min)
ℹ️ [INFO] 05/31/2025, 04:50:49 AM | CORS enabled
ℹ️ [INFO] 05/31/2025, 04:50:49 AM | Security middlewares fully configured
ℹ️ [INFO] 05/31/2025, 04:50:49 AM | Interceptors configured
ℹ️ [INFO] 05/31/2025, 04:50:49 AM | Routes configured
ℹ️ [INFO] 05/31/2025, 04:50:49 AM | WebSocket server initialized
ℹ️ [INFO] 05/31/2025, 04:50:49 AM | Server running on port 8080
ℹ️ [INFO] 05/31/2025, 04:51:16 AM | MongoDB connected
ℹ️ [INFO] 05/31/2025, 04:51:16 AM | All plugins registered successfully
ℹ️ [INFO] 05/31/2025, 04:51:16 AM | Middlewares configured
ℹ️ [INFO] 05/31/2025, 04:51:16 AM | Helmet security headers enabled
ℹ️ [INFO] 05/31/2025, 04:51:16 AM | Rate limiting applied (100 reqs/min)
ℹ️ [INFO] 05/31/2025, 04:51:16 AM | CORS enabled
ℹ️ [INFO] 05/31/2025, 04:51:16 AM | Security middlewares fully configured
ℹ️ [INFO] 05/31/2025, 04:51:16 AM | Interceptors configured
ℹ️ [INFO] 05/31/2025, 04:51:16 AM | Routes configured
ℹ️ [INFO] 05/31/2025, 04:51:16 AM | WebSocket server initialized
ℹ️ [INFO] 05/31/2025, 04:51:16 AM | Server running on port 8080
ℹ️ [INFO] 05/31/2025, 04:52:10 AM | MongoDB connected
ℹ️ [INFO] 05/31/2025, 04:52:10 AM | All plugins registered successfully
ℹ️ [INFO] 05/31/2025, 04:52:10 AM | Middlewares configured
ℹ️ [INFO] 05/31/2025, 04:52:10 AM | Helmet security headers enabled
ℹ️ [INFO] 05/31/2025, 04:52:10 AM | Rate limiting applied (100 reqs/min)
ℹ️ [INFO] 05/31/2025, 04:52:10 AM | CORS enabled
ℹ️ [INFO] 05/31/2025, 04:52:10 AM | Security middlewares fully configured
ℹ️ [INFO] 05/31/2025, 04:52:10 AM | Interceptors configured
ℹ️ [INFO] 05/31/2025, 04:52:10 AM | Routes configured
ℹ️ [INFO] 05/31/2025, 04:52:10 AM | WebSocket server initialized
ℹ️ [INFO] 05/31/2025, 04:52:10 AM | Server running on port 8080
ℹ️ [INFO] 05/31/2025, 04:52:11 AM | MongoDB connected
ℹ️ [INFO] 05/31/2025, 04:52:11 AM | All plugins registered successfully
ℹ️ [INFO] 05/31/2025, 04:52:11 AM | Middlewares configured
ℹ️ [INFO] 05/31/2025, 04:52:11 AM | Helmet security headers enabled
ℹ️ [INFO] 05/31/2025, 04:52:11 AM | Rate limiting applied (100 reqs/min)
ℹ️ [INFO] 05/31/2025, 04:52:11 AM | CORS enabled
ℹ️ [INFO] 05/31/2025, 04:52:11 AM | Security middlewares fully configured
ℹ️ [INFO] 05/31/2025, 04:52:11 AM | Interceptors configured
ℹ️ [INFO] 05/31/2025, 04:52:11 AM | Routes configured
ℹ️ [INFO] 05/31/2025, 04:52:11 AM | WebSocket server initialized
ℹ️ [INFO] 05/31/2025, 04:52:11 AM | Server running on port 8080
ℹ️ [INFO] 05/31/2025, 04:52:25 AM | MongoDB connected
ℹ️ [INFO] 05/31/2025, 04:52:25 AM | All plugins registered successfully
ℹ️ [INFO] 05/31/2025, 04:52:25 AM | Middlewares configured
ℹ️ [INFO] 05/31/2025, 04:52:25 AM | Helmet security headers enabled
ℹ️ [INFO] 05/31/2025, 04:52:25 AM | Rate limiting applied (100 reqs/min)
ℹ️ [INFO] 05/31/2025, 04:52:25 AM | CORS enabled
ℹ️ [INFO] 05/31/2025, 04:52:25 AM | Security middlewares fully configured
ℹ️ [INFO] 05/31/2025, 04:52:25 AM | Interceptors configured
ℹ️ [INFO] 05/31/2025, 04:52:25 AM | Routes configured
ℹ️ [INFO] 05/31/2025, 04:52:25 AM | WebSocket server initialized
ℹ️ [INFO] 05/31/2025, 04:52:25 AM | Server running on port 8080
ℹ️ [INFO] 05/31/2025, 04:52:26 AM | MongoDB connected
ℹ️ [INFO] 05/31/2025, 04:52:26 AM | All plugins registered successfully
ℹ️ [INFO] 05/31/2025, 04:52:26 AM | Middlewares configured
ℹ️ [INFO] 05/31/2025, 04:52:26 AM | Helmet security headers enabled
ℹ️ [INFO] 05/31/2025, 04:52:26 AM | Rate limiting applied (100 reqs/min)
ℹ️ [INFO] 05/31/2025, 04:52:26 AM | CORS enabled
ℹ️ [INFO] 05/31/2025, 04:52:26 AM | Security middlewares fully configured
ℹ️ [INFO] 05/31/2025, 04:52:26 AM | Interceptors configured
ℹ️ [INFO] 05/31/2025, 04:52:26 AM | Routes configured
ℹ️ [INFO] 05/31/2025, 04:52:26 AM | WebSocket server initialized
ℹ️ [INFO] 05/31/2025, 04:52:27 AM | Server running on port 8080
ℹ️ [INFO] 05/31/2025, 04:53:31 AM | MongoDB connected
ℹ️ [INFO] 05/31/2025, 04:53:31 AM | All plugins registered successfully
ℹ️ [INFO] 05/31/2025, 04:53:31 AM | Middlewares configured
ℹ️ [INFO] 05/31/2025, 04:53:31 AM | Helmet security headers enabled
ℹ️ [INFO] 05/31/2025, 04:53:31 AM | Rate limiting applied (100 reqs/min)
ℹ️ [INFO] 05/31/2025, 04:53:31 AM | CORS enabled
ℹ️ [INFO] 05/31/2025, 04:53:31 AM | Security middlewares fully configured
ℹ️ [INFO] 05/31/2025, 04:53:31 AM | Interceptors configured
ℹ️ [INFO] 05/31/2025, 04:53:31 AM | Routes configured
ℹ️ [INFO] 05/31/2025, 04:53:31 AM | WebSocket server initialized
ℹ️ [INFO] 05/31/2025, 04:53:31 AM | Server running on port 8080
ℹ️ [INFO] 05/31/2025, 04:55:32 AM | MongoDB connected
ℹ️ [INFO] 05/31/2025, 04:55:32 AM | All plugins registered successfully
ℹ️ [INFO] 05/31/2025, 04:55:32 AM | Middlewares configured
ℹ️ [INFO] 05/31/2025, 04:55:33 AM | Helmet security headers enabled
ℹ️ [INFO] 05/31/2025, 04:55:33 AM | Rate limiting applied (100 reqs/min)
ℹ️ [INFO] 05/31/2025, 04:55:33 AM | CORS enabled
ℹ️ [INFO] 05/31/2025, 04:55:33 AM | Security middlewares fully configured
ℹ️ [INFO] 05/31/2025, 04:55:33 AM | Interceptors configured
ℹ️ [INFO] 05/31/2025, 04:55:33 AM | Routes configured
ℹ️ [INFO] 05/31/2025, 04:55:33 AM | WebSocket server initialized
ℹ️ [INFO] 05/31/2025, 04:55:33 AM | Server running on port 8080
ℹ️ [INFO] 05/31/2025, 04:55:37 AM | MongoDB connected
ℹ️ [INFO] 05/31/2025, 04:55:37 AM | All plugins registered successfully
ℹ️ [INFO] 05/31/2025, 04:55:37 AM | Middlewares configured
ℹ️ [INFO] 05/31/2025, 04:55:37 AM | Helmet security headers enabled
ℹ️ [INFO] 05/31/2025, 04:55:37 AM | Rate limiting applied (100 reqs/min)
ℹ️ [INFO] 05/31/2025, 04:55:37 AM | CORS enabled
ℹ️ [INFO] 05/31/2025, 04:55:37 AM | Security middlewares fully configured
ℹ️ [INFO] 05/31/2025, 04:55:37 AM | Interceptors configured
ℹ️ [INFO] 05/31/2025, 04:55:37 AM | Routes configured
ℹ️ [INFO] 05/31/2025, 04:55:37 AM | WebSocket server initialized
ℹ️ [INFO] 05/31/2025, 04:55:37 AM | Server running on port 8080
ℹ️ [INFO] 05/31/2025, 04:55:38 AM | MongoDB connected
ℹ️ [INFO] 05/31/2025, 04:55:38 AM | All plugins registered successfully
ℹ️ [INFO] 05/31/2025, 04:55:38 AM | Middlewares configured
ℹ️ [INFO] 05/31/2025, 04:55:38 AM | Helmet security headers enabled
ℹ️ [INFO] 05/31/2025, 04:55:38 AM | Rate limiting applied (100 reqs/min)
ℹ️ [INFO] 05/31/2025, 04:55:38 AM | CORS enabled
ℹ️ [INFO] 05/31/2025, 04:55:38 AM | Security middlewares fully configured
ℹ️ [INFO] 05/31/2025, 04:55:38 AM | Interceptors configured
ℹ️ [INFO] 05/31/2025, 04:55:38 AM | Routes configured
ℹ️ [INFO] 05/31/2025, 04:55:38 AM | WebSocket server initialized
ℹ️ [INFO] 05/31/2025, 04:55:38 AM | Server running on port 8080
ℹ️ [INFO] 05/31/2025, 04:55:58 AM | MongoDB connected
ℹ️ [INFO] 05/31/2025, 04:55:58 AM | All plugins registered successfully
ℹ️ [INFO] 05/31/2025, 04:55:58 AM | Middlewares configured
ℹ️ [INFO] 05/31/2025, 04:55:58 AM | Helmet security headers enabled
ℹ️ [INFO] 05/31/2025, 04:55:58 AM | Rate limiting applied (100 reqs/min)
ℹ️ [INFO] 05/31/2025, 04:55:58 AM | CORS enabled
ℹ️ [INFO] 05/31/2025, 04:55:58 AM | Security middlewares fully configured
ℹ️ [INFO] 05/31/2025, 04:55:58 AM | Interceptors configured
ℹ️ [INFO] 05/31/2025, 04:55:58 AM | Routes configured
ℹ️ [INFO] 05/31/2025, 04:55:58 AM | WebSocket server initialized
ℹ️ [INFO] 05/31/2025, 04:55:58 AM | Server running on port 8080
ℹ️ [INFO] 05/31/2025, 04:56:16 AM | MongoDB connected
ℹ️ [INFO] 05/31/2025, 04:56:16 AM | All plugins registered successfully
ℹ️ [INFO] 05/31/2025, 04:56:16 AM | MongoDB connected
ℹ️ [INFO] 05/31/2025, 04:56:16 AM | All plugins registered successfully
ℹ️ [INFO] 05/31/2025, 04:56:26 AM | MongoDB connected
ℹ️ [INFO] 05/31/2025, 04:56:26 AM | All plugins registered successfully
ℹ️ [INFO] 05/31/2025, 04:56:26 AM | Middlewares configured
ℹ️ [INFO] 05/31/2025, 04:56:26 AM | Helmet security headers enabled
ℹ️ [INFO] 05/31/2025, 04:56:26 AM | Rate limiting applied (100 reqs/min)
ℹ️ [INFO] 05/31/2025, 04:56:26 AM | CORS enabled
ℹ️ [INFO] 05/31/2025, 04:56:26 AM | Security middlewares fully configured
ℹ️ [INFO] 05/31/2025, 04:56:26 AM | Interceptors configured
ℹ️ [INFO] 05/31/2025, 04:56:26 AM | Routes configured
ℹ️ [INFO] 05/31/2025, 04:56:26 AM | WebSocket server initialized
ℹ️ [INFO] 05/31/2025, 04:56:26 AM | Server running on port 8080
ℹ️ [INFO] 05/31/2025, 05:08:34 AM | MongoDB connected
ℹ️ [INFO] 05/31/2025, 05:08:34 AM | All plugins registered successfully
ℹ️ [INFO] 05/31/2025, 05:08:34 AM | Middlewares configured
ℹ️ [INFO] 05/31/2025, 05:08:34 AM | Helmet security headers enabled
ℹ️ [INFO] 05/31/2025, 05:08:34 AM | Rate limiting applied (100 reqs/min)
ℹ️ [INFO] 05/31/2025, 05:08:34 AM | CORS enabled
ℹ️ [INFO] 05/31/2025, 05:08:34 AM | Security middlewares fully configured
ℹ️ [INFO] 05/31/2025, 05:08:34 AM | Interceptors configured
ℹ️ [INFO] 05/31/2025, 05:08:34 AM | Routes configured
ℹ️ [INFO] 05/31/2025, 05:08:34 AM | WebSocket server initialized
ℹ️ [INFO] 05/31/2025, 05:08:34 AM | Server running on port 8080
ℹ️ [INFO] 05/31/2025, 05:08:35 AM | MongoDB connected
ℹ️ [INFO] 05/31/2025, 05:08:35 AM | All plugins registered successfully
ℹ️ [INFO] 05/31/2025, 05:08:35 AM | Middlewares configured
ℹ️ [INFO] 05/31/2025, 05:08:35 AM | Helmet security headers enabled
ℹ️ [INFO] 05/31/2025, 05:08:35 AM | Rate limiting applied (100 reqs/min)
ℹ️ [INFO] 05/31/2025, 05:08:35 AM | CORS enabled
ℹ️ [INFO] 05/31/2025, 05:08:35 AM | Security middlewares fully configured
ℹ️ [INFO] 05/31/2025, 05:08:35 AM | Interceptors configured
ℹ️ [INFO] 05/31/2025, 05:08:35 AM | Routes configured
ℹ️ [INFO] 05/31/2025, 05:08:35 AM | WebSocket server initialized
ℹ️ [INFO] 05/31/2025, 05:08:35 AM | Server running on port 8080
ℹ️ [INFO] 05/31/2025, 05:08:39 AM | MongoDB connected
ℹ️ [INFO] 05/31/2025, 05:08:39 AM | All plugins registered successfully
ℹ️ [INFO] 05/31/2025, 05:08:39 AM | Middlewares configured
ℹ️ [INFO] 05/31/2025, 05:08:39 AM | Helmet security headers enabled
ℹ️ [INFO] 05/31/2025, 05:08:39 AM | Rate limiting applied (100 reqs/min)
ℹ️ [INFO] 05/31/2025, 05:08:39 AM | CORS enabled
ℹ️ [INFO] 05/31/2025, 05:08:39 AM | Security middlewares fully configured
ℹ️ [INFO] 05/31/2025, 05:08:39 AM | Interceptors configured
ℹ️ [INFO] 05/31/2025, 05:08:39 AM | Routes configured
ℹ️ [INFO] 05/31/2025, 05:08:39 AM | WebSocket server initialized
ℹ️ [INFO] 05/31/2025, 05:08:40 AM | Server running on port 8080
ℹ️ [INFO] 05/31/2025, 05:08:40 AM | MongoDB connected
ℹ️ [INFO] 05/31/2025, 05:08:40 AM | All plugins registered successfully
ℹ️ [INFO] 05/31/2025, 05:08:40 AM | Middlewares configured
ℹ️ [INFO] 05/31/2025, 05:08:40 AM | Helmet security headers enabled
ℹ️ [INFO] 05/31/2025, 05:08:40 AM | Rate limiting applied (100 reqs/min)
ℹ️ [INFO] 05/31/2025, 05:08:40 AM | CORS enabled
ℹ️ [INFO] 05/31/2025, 05:08:40 AM | Security middlewares fully configured
ℹ️ [INFO] 05/31/2025, 05:08:40 AM | Interceptors configured
ℹ️ [INFO] 05/31/2025, 05:08:40 AM | Routes configured
ℹ️ [INFO] 05/31/2025, 05:08:40 AM | WebSocket server initialized
ℹ️ [INFO] 05/31/2025, 05:08:40 AM | Server running on port 8080
ℹ️ [INFO] 05/31/2025, 05:08:48 AM | Query for categories: {}
ℹ️ [INFO] 05/31/2025, 05:08:48 AM | Found categories: []
ℹ️ [INFO] 05/31/2025, 05:08:49 AM | Query for categories: {}
ℹ️ [INFO] 05/31/2025, 05:08:49 AM | Found categories: []
ℹ️ [INFO] 05/31/2025, 05:08:50 AM | Query for categories: {}
ℹ️ [INFO] 05/31/2025, 05:08:50 AM | Found categories: []
ℹ️ [INFO] 05/31/2025, 05:09:04 AM | MongoDB connected
ℹ️ [INFO] 05/31/2025, 05:09:04 AM | All plugins registered successfully
ℹ️ [INFO] 05/31/2025, 05:09:04 AM | Middlewares configured
ℹ️ [INFO] 05/31/2025, 05:09:04 AM | Helmet security headers enabled
ℹ️ [INFO] 05/31/2025, 05:09:04 AM | Rate limiting applied (100 reqs/min)
ℹ️ [INFO] 05/31/2025, 05:09:04 AM | CORS enabled
ℹ️ [INFO] 05/31/2025, 05:09:04 AM | Security middlewares fully configured
ℹ️ [INFO] 05/31/2025, 05:09:04 AM | Interceptors configured
ℹ️ [INFO] 05/31/2025, 05:09:04 AM | Routes configured
ℹ️ [INFO] 05/31/2025, 05:09:04 AM | WebSocket server initialized
ℹ️ [INFO] 05/31/2025, 05:09:04 AM | Server running on port 8080
ℹ️ [INFO] 05/31/2025, 05:09:05 AM | Query for categories: {}
ℹ️ [INFO] 05/31/2025, 05:09:05 AM | Found categories: []
ℹ️ [INFO] 05/31/2025, 05:09:05 AM | Query for categories: {}
ℹ️ [INFO] 05/31/2025, 05:09:05 AM | Found categories: []
ℹ️ [INFO] 05/31/2025, 05:09:06 AM | Query for categories: {}
ℹ️ [INFO] 05/31/2025, 05:09:06 AM | Found categories: []
ℹ️ [INFO] 05/31/2025, 11:51:31 AM | MongoDB connected
ℹ️ [INFO] 05/31/2025, 11:51:31 AM | All plugins registered successfully
ℹ️ [INFO] 05/31/2025, 11:51:31 AM | Middlewares configured
ℹ️ [INFO] 05/31/2025, 11:51:31 AM | Helmet security headers enabled
ℹ️ [INFO] 05/31/2025, 11:51:31 AM | Rate limiting applied (100 reqs/min)
ℹ️ [INFO] 05/31/2025, 11:51:31 AM | CORS enabled
ℹ️ [INFO] 05/31/2025, 11:51:31 AM | Security middlewares fully configured
ℹ️ [INFO] 05/31/2025, 11:51:31 AM | Interceptors configured
ℹ️ [INFO] 05/31/2025, 11:51:31 AM | Routes configured
ℹ️ [INFO] 05/31/2025, 11:51:31 AM | WebSocket server initialized
ℹ️ [INFO] 05/31/2025, 11:51:31 AM | Server running on port 8080
ℹ️ [INFO] 05/31/2025, 11:51:33 AM | Login attempt for existing user: superadmin@gmail.com
ℹ️ [INFO] 05/31/2025, 11:51:33 AM | Auth processed for: superadmin@gmail.com
⚠️ [WARN] 05/31/2025, 11:51:34 AM | Failed to send verification email to superadmin@gmail.com: Missing credentials for "PLAIN"
ℹ️ [INFO] 05/31/2025, 11:51:34 AM | Verification code for superadmin@gmail.com: 419209
ℹ️ [INFO] 05/31/2025, 11:51:49 AM | Notification saved: ACTIVATE_USER, ID: 683abc1dc9dfe750d5448670
ℹ️ [INFO] 05/31/2025, 11:51:49 AM | Notification sent via WebSocket: ACTIVATE_USER
ℹ️ [INFO] 05/31/2025, 11:51:49 AM | User verified: superadmin@gmail.com
ℹ️ [INFO] 05/31/2025, 11:52:16 AM | Starting to process multipart form-data
ℹ️ [INFO] 05/31/2025, 11:52:16 AM | Processing part: name, type: field
ℹ️ [INFO] 05/31/2025, 11:52:16 AM | Field collected: name = گوشی سامسونگ گلکسی S21
ℹ️ [INFO] 05/31/2025, 11:52:16 AM | Processing part: description, type: field
ℹ️ [INFO] 05/31/2025, 11:52:16 AM | Field collected: description = گوشی هوشمند با دوربین 50MP
ℹ️ [INFO] 05/31/2025, 11:52:16 AM | Processing part: price, type: field
ℹ️ [INFO] 05/31/2025, 11:52:16 AM | Field collected: price = 29999000
ℹ️ [INFO] 05/31/2025, 11:52:16 AM | Processing part: discountPrice, type: field
ℹ️ [INFO] 05/31/2025, 11:52:16 AM | Field collected: discountPrice = 26999000
ℹ️ [INFO] 05/31/2025, 11:52:16 AM | Processing part: stock, type: field
ℹ️ [INFO] 05/31/2025, 11:52:16 AM | Field collected: stock = 50
ℹ️ [INFO] 05/31/2025, 11:52:16 AM | Processing part: categoryId, type: field
ℹ️ [INFO] 05/31/2025, 11:52:16 AM | Field collected: categoryId = 682bca04d786b66a58b6f1d7
ℹ️ [INFO] 05/31/2025, 11:52:16 AM | Processing part: brand, type: field
ℹ️ [INFO] 05/31/2025, 11:52:16 AM | Field collected: brand = Samsung
ℹ️ [INFO] 05/31/2025, 11:52:16 AM | Processing part: attributes, type: field
ℹ️ [INFO] 05/31/2025, 11:52:16 AM | Attributes collected: {"ram": "8GB", "storage": "256GB"}
ℹ️ [INFO] 05/31/2025, 11:52:16 AM | Processing part: tags[], type: field
ℹ️ [INFO] 05/31/2025, 11:52:16 AM | Field collected: tags[] = smartphone
ℹ️ [INFO] 05/31/2025, 11:52:16 AM | Processing part: tags[], type: field
ℹ️ [INFO] 05/31/2025, 11:52:16 AM | Field collected: tags[] = samsung
ℹ️ [INFO] 05/31/2025, 11:52:16 AM | Processing part: mainImage, type: file
ℹ️ [INFO] 05/31/2025, 11:52:16 AM | Main image collected
ℹ️ [INFO] 05/31/2025, 11:52:16 AM | Processing part: media, type: file
ℹ️ [INFO] 05/31/2025, 11:52:16 AM | Media file collected: screencapture-digikala-2025-05-07-14_34_42.png
ℹ️ [INFO] 05/31/2025, 11:52:16 AM | Collected productData: {"name":"گوشی سامسونگ گلکسی S21","description":"گوشی هوشمند با دوربین 50MP","price":"29999000","discountPrice":"26999000","stock":"50","categoryId":"682bca04d786b66a58b6f1d7","brand":"Samsung","attributes":{"ram":"8GB","storage":"256GB"},"tags":["smartphone","samsung"]}
ℹ️ [INFO] 05/31/2025, 11:52:16 AM | Main image present: true
ℹ️ [INFO] 05/31/2025, 11:52:16 AM | Media files count: 1
ℹ️ [INFO] 05/31/2025, 11:52:16 AM | Uploading main image
ℹ️ [INFO] 05/31/2025, 11:52:16 AM | Upload directories initialized successfully
ℹ️ [INFO] 05/31/2025, 11:52:16 AM | ✅ Product main image uploaded locally for superadmin@gmail.com => product-main-superadmin-68261c189793af40ff160090-20250531115216.png
ℹ️ [INFO] 05/31/2025, 11:52:16 AM | Main image uploaded: /uploads/product/images/product-main-superadmin-68261c189793af40ff160090-20250531115216.png
ℹ️ [INFO] 05/31/2025, 11:52:16 AM | Creating product in database
ℹ️ [INFO] 05/31/2025, 11:52:16 AM | Product created with ID: 683abc38c9dfe750d544867c
ℹ️ [INFO] 05/31/2025, 11:52:16 AM | Uploading 1 media files
ℹ️ [INFO] 05/31/2025, 11:52:16 AM | Processing 1 media files for product 683abc38c9dfe750d544867c
ℹ️ [INFO] 05/31/2025, 11:52:16 AM | Generated filename: product-superadmin-683abc38c9dfe750d544867c-20250531115216.png
ℹ️ [INFO] 05/31/2025, 11:52:16 AM | Upload directories initialized successfully
ℹ️ [INFO] 05/31/2025, 11:52:16 AM | Saving file locally: /Users/devrct/Developer/server/src/Uploads/product/images/product-superadmin-683abc38c9dfe750d544867c-20250531115216.png
ℹ️ [INFO] 05/31/2025, 11:52:16 AM | ✅ Product media uploaded locally for superadmin@gmail.com => /uploads/product/images/product-superadmin-683abc38c9dfe750d544867c-20250531115216.png
ℹ️ [INFO] 05/31/2025, 11:52:16 AM | Added file to uploadedFiles: screencapture-digikala-2025-05-07-14_34_42.png
ℹ️ [INFO] 05/31/2025, 11:52:16 AM | Successfully uploaded 1 media files
ℹ️ [INFO] 05/31/2025, 11:52:16 AM | Media uploaded: [{"type":"IMAGE","url":"/uploads/product/images/product-superadmin-683abc38c9dfe750d544867c-20250531115216.png","mimeType":"image/png","size":3946219,"caption":"","altText":"","uploadedBy":"68261c189793af40ff160090"}]
ℹ️ [INFO] 05/31/2025, 11:52:16 AM | Updating product with media
ℹ️ [INFO] 05/31/2025, 11:52:16 AM | Product updated with media
ℹ️ [INFO] 05/31/2025, 11:52:16 AM | Notification saved: ADD_PRODUCT, ID: 683abc38c9dfe750d5448686
ℹ️ [INFO] 05/31/2025, 11:52:16 AM | Notification sent via WebSocket: ADD_PRODUCT
ℹ️ [INFO] 05/31/2025, 11:52:16 AM | Product created by user: superadmin@gmail.com
ℹ️ [INFO] 05/31/2025, 12:06:39 PM | Query for categories: {}
ℹ️ [INFO] 05/31/2025, 12:06:39 PM | Found categories: []
ℹ️ [INFO] 05/31/2025, 12:07:34 PM | Query for categories: {}
ℹ️ [INFO] 05/31/2025, 12:07:34 PM | Found categories: [{"_id":"683a58583bf1b5460b727a1b","name":"گوشی آیفون","parentId":"683a573a3bf1b5460b7279e4","description":"خرید انواع مدل‌های گوشی آیفون اپل با گارانتی معتبر و بهترین قیمت","image":"https://res.cloudinary.com/dmomxg8qs/image/upload/v1748654167/category/images/category-superadmin-6839083c8666a08839ea2da9-20250531011607.jpeg.jpg","metaTitle":"خرید آیفون | جدیدترین گوشی‌های Apple iPhone","metaDescription":"بررسی، مشخصات و خرید اینترنتی گوشی‌های آیفون Apple با بهترین قیمت بازار و تنوع مدل‌ها از آیفون 11 تا آیفون 15","createdAt":"2025-05-31T01:16:08.522Z","updatedAt":"2025-05-31T01:16:08.523Z","slug":"gwshy-aayfwn","__v":0}]
ℹ️ [INFO] 06/01/2025, 05:27:35 PM | MongoDB connected
ℹ️ [INFO] 06/01/2025, 05:27:36 PM | All plugins registered successfully
ℹ️ [INFO] 06/01/2025, 05:27:36 PM | Middlewares configured
ℹ️ [INFO] 06/01/2025, 05:27:36 PM | Helmet security headers enabled
ℹ️ [INFO] 06/01/2025, 05:27:36 PM | Rate limiting applied (100 reqs/min)
ℹ️ [INFO] 06/01/2025, 05:27:36 PM | CORS enabled
ℹ️ [INFO] 06/01/2025, 05:27:36 PM | Security middlewares fully configured
ℹ️ [INFO] 06/01/2025, 05:27:36 PM | Interceptors configured
ℹ️ [INFO] 06/01/2025, 05:27:36 PM | Routes configured
ℹ️ [INFO] 06/01/2025, 05:27:36 PM | WebSocket server initialized
ℹ️ [INFO] 06/01/2025, 05:27:36 PM | Server running on port 8080
ℹ️ [INFO] 06/01/2025, 05:31:11 PM | Login attempt for existing user: superadmin@gmail.com
ℹ️ [INFO] 06/01/2025, 05:31:11 PM | Auth processed for: superadmin@gmail.com
⚠️ [WARN] 06/01/2025, 05:31:12 PM | Failed to send verification email to superadmin@gmail.com: Missing credentials for "PLAIN"
ℹ️ [INFO] 06/01/2025, 05:31:12 PM | Verification code for superadmin@gmail.com: 147070
❗ [ERROR] 06/01/2025, 05:31:49 PM | Error verifying code: Invalid or expired verification code
ℹ️ [INFO] 06/01/2025, 05:52:48 PM | MongoDB connected
ℹ️ [INFO] 06/01/2025, 05:52:48 PM | All plugins registered successfully
ℹ️ [INFO] 06/01/2025, 05:52:48 PM | Middlewares configured
ℹ️ [INFO] 06/01/2025, 05:52:48 PM | Helmet security headers enabled
ℹ️ [INFO] 06/01/2025, 05:52:48 PM | Rate limiting applied (100 reqs/min)
ℹ️ [INFO] 06/01/2025, 05:52:48 PM | CORS enabled
ℹ️ [INFO] 06/01/2025, 05:52:48 PM | Security middlewares fully configured
ℹ️ [INFO] 06/01/2025, 05:52:48 PM | Interceptors configured
ℹ️ [INFO] 06/01/2025, 05:52:48 PM | Routes configured
ℹ️ [INFO] 06/01/2025, 05:52:48 PM | WebSocket server initialized
ℹ️ [INFO] 06/01/2025, 05:52:48 PM | Server running on port 8080
ℹ️ [INFO] 06/01/2025, 05:52:49 PM | MongoDB connected
ℹ️ [INFO] 06/01/2025, 05:52:49 PM | All plugins registered successfully
ℹ️ [INFO] 06/01/2025, 05:52:49 PM | Middlewares configured
ℹ️ [INFO] 06/01/2025, 05:52:49 PM | Helmet security headers enabled
ℹ️ [INFO] 06/01/2025, 05:52:49 PM | Rate limiting applied (100 reqs/min)
ℹ️ [INFO] 06/01/2025, 05:52:49 PM | CORS enabled
ℹ️ [INFO] 06/01/2025, 05:52:49 PM | Security middlewares fully configured
ℹ️ [INFO] 06/01/2025, 05:52:49 PM | Interceptors configured
ℹ️ [INFO] 06/01/2025, 05:52:49 PM | Routes configured
ℹ️ [INFO] 06/01/2025, 05:52:49 PM | WebSocket server initialized
ℹ️ [INFO] 06/01/2025, 05:52:49 PM | Server running on port 8080
ℹ️ [INFO] 06/01/2025, 05:53:23 PM | MongoDB connected
ℹ️ [INFO] 06/01/2025, 05:53:23 PM | All plugins registered successfully
ℹ️ [INFO] 06/01/2025, 05:53:23 PM | Middlewares configured
ℹ️ [INFO] 06/01/2025, 05:53:23 PM | Helmet security headers enabled
ℹ️ [INFO] 06/01/2025, 05:53:23 PM | Rate limiting applied (100 reqs/min)
ℹ️ [INFO] 06/01/2025, 05:53:23 PM | CORS enabled
ℹ️ [INFO] 06/01/2025, 05:53:23 PM | Security middlewares fully configured
ℹ️ [INFO] 06/01/2025, 05:53:23 PM | Interceptors configured
ℹ️ [INFO] 06/01/2025, 05:53:23 PM | Routes configured
ℹ️ [INFO] 06/01/2025, 05:53:23 PM | WebSocket server initialized
ℹ️ [INFO] 06/01/2025, 05:53:24 PM | Server running on port 8080
ℹ️ [INFO] 06/01/2025, 05:53:24 PM | MongoDB connected
ℹ️ [INFO] 06/01/2025, 05:53:24 PM | All plugins registered successfully
ℹ️ [INFO] 06/01/2025, 05:53:24 PM | Middlewares configured
ℹ️ [INFO] 06/01/2025, 05:53:24 PM | Helmet security headers enabled
ℹ️ [INFO] 06/01/2025, 05:53:24 PM | Rate limiting applied (100 reqs/min)
ℹ️ [INFO] 06/01/2025, 05:53:24 PM | CORS enabled
ℹ️ [INFO] 06/01/2025, 05:53:24 PM | Security middlewares fully configured
ℹ️ [INFO] 06/01/2025, 05:53:24 PM | Interceptors configured
ℹ️ [INFO] 06/01/2025, 05:53:24 PM | Routes configured
ℹ️ [INFO] 06/01/2025, 05:53:25 PM | WebSocket server initialized
ℹ️ [INFO] 06/01/2025, 05:53:25 PM | Server running on port 8080
ℹ️ [INFO] 06/05/2025, 04:18:26 PM | MongoDB connected
ℹ️ [INFO] 06/05/2025, 04:18:26 PM | All plugins registered successfully
ℹ️ [INFO] 06/05/2025, 04:18:26 PM | Middlewares configured
ℹ️ [INFO] 06/05/2025, 04:18:26 PM | Helmet security headers enabled
ℹ️ [INFO] 06/05/2025, 04:18:26 PM | Rate limiting applied (100 reqs/min)
ℹ️ [INFO] 06/05/2025, 04:18:26 PM | CORS enabled
ℹ️ [INFO] 06/05/2025, 04:18:26 PM | Security middlewares fully configured
ℹ️ [INFO] 06/05/2025, 04:18:26 PM | Interceptors configured
ℹ️ [INFO] 06/05/2025, 04:18:26 PM | Routes configured
ℹ️ [INFO] 06/05/2025, 04:18:26 PM | WebSocket server initialized
ℹ️ [INFO] 06/05/2025, 04:18:26 PM | Server running on port 8080
ℹ️ [INFO] 06/05/2025, 04:18:36 PM | User object: {"id":"68261c189793af40ff160090","email":"superadmin@gmail.com","username":"superadmin","userType":"ADMIN","adminStatus":"SUPER_ADMIN","featureAccess":[{"id":1,"feature":"HOME","access":"FULL_ACCESS","_id":"68261c189793af40ff160099"},{"id":2,"feature":"ADD_TICKET","access":"FULL_ACCESS","_id":"68261c189793af40ff16009a"},{"id":3,"feature":"VIEW_TICKET","access":"FULL_ACCESS","_id":"68261c189793af40ff16009b"},{"id":4,"feature":"EDIT_TICKET","access":"FULL_ACCESS","_id":"68261c189793af40ff16009c"},{"id":5,"feature":"DELETE_TICKET","access":"FULL_ACCESS","_id":"68261c189793af40ff16009d"},{"id":6,"feature":"ALL_TICKETS","access":"NO_ACCESS","_id":"68261c189793af40ff16009e"},{"id":7,"feature":"MY_TICKETS","access":"FULL_ACCESS","_id":"68261c189793af40ff16009f"}]}
ℹ️ [INFO] 06/05/2025, 04:18:36 PM | Upload directories initialized successfully
ℹ️ [INFO] 06/05/2025, 04:18:36 PM | ✅ Category image uploaded locally for superadmin@gmail.com => category-superadmin-68261c189793af40ff160090-20250605161836.jpeg
ℹ️ [INFO] 06/05/2025, 04:18:36 PM | Notification saved: ADD_CATEGORY, ID: 6841922447e7306d136e9a49
ℹ️ [INFO] 06/05/2025, 04:18:36 PM | Notification sent via WebSocket: ADD_CATEGORY
ℹ️ [INFO] 06/05/2025, 04:18:36 PM | Category کالای دیجیتال created by superadmin@gmail.com
ℹ️ [INFO] 06/05/2025, 04:18:40 PM | User object: {"id":"68261c189793af40ff160090","email":"superadmin@gmail.com","username":"superadmin","userType":"ADMIN","adminStatus":"SUPER_ADMIN","featureAccess":[{"id":1,"feature":"HOME","access":"FULL_ACCESS","_id":"68261c189793af40ff160099"},{"id":2,"feature":"ADD_TICKET","access":"FULL_ACCESS","_id":"68261c189793af40ff16009a"},{"id":3,"feature":"VIEW_TICKET","access":"FULL_ACCESS","_id":"68261c189793af40ff16009b"},{"id":4,"feature":"EDIT_TICKET","access":"FULL_ACCESS","_id":"68261c189793af40ff16009c"},{"id":5,"feature":"DELETE_TICKET","access":"FULL_ACCESS","_id":"68261c189793af40ff16009d"},{"id":6,"feature":"ALL_TICKETS","access":"NO_ACCESS","_id":"68261c189793af40ff16009e"},{"id":7,"feature":"MY_TICKETS","access":"FULL_ACCESS","_id":"68261c189793af40ff16009f"}]}
ℹ️ [INFO] 06/05/2025, 04:18:40 PM | Upload directories initialized successfully
ℹ️ [INFO] 06/05/2025, 04:18:40 PM | ✅ Category image uploaded locally for superadmin@gmail.com => category-superadmin-68261c189793af40ff160090-20250605161840.jpeg
❗ [ERROR] 06/05/2025, 04:18:40 PM | Error creating category: Parent category not found
❗ [ERROR] 06/05/2025, 04:18:40 PM | Error creating category: Parent category not found
ℹ️ [INFO] 06/05/2025, 04:18:42 PM | User object: {"id":"68261c189793af40ff160090","email":"superadmin@gmail.com","username":"superadmin","userType":"ADMIN","adminStatus":"SUPER_ADMIN","featureAccess":[{"id":1,"feature":"HOME","access":"FULL_ACCESS","_id":"68261c189793af40ff160099"},{"id":2,"feature":"ADD_TICKET","access":"FULL_ACCESS","_id":"68261c189793af40ff16009a"},{"id":3,"feature":"VIEW_TICKET","access":"FULL_ACCESS","_id":"68261c189793af40ff16009b"},{"id":4,"feature":"EDIT_TICKET","access":"FULL_ACCESS","_id":"68261c189793af40ff16009c"},{"id":5,"feature":"DELETE_TICKET","access":"FULL_ACCESS","_id":"68261c189793af40ff16009d"},{"id":6,"feature":"ALL_TICKETS","access":"NO_ACCESS","_id":"68261c189793af40ff16009e"},{"id":7,"feature":"MY_TICKETS","access":"FULL_ACCESS","_id":"68261c189793af40ff16009f"}]}
ℹ️ [INFO] 06/05/2025, 04:18:42 PM | Upload directories initialized successfully
ℹ️ [INFO] 06/05/2025, 04:18:42 PM | ✅ Category image uploaded locally for superadmin@gmail.com => category-superadmin-68261c189793af40ff160090-20250605161842.jpeg
❗ [ERROR] 06/05/2025, 04:18:42 PM | Error creating category: Parent category not found
❗ [ERROR] 06/05/2025, 04:18:42 PM | Error creating category: Parent category not found
ℹ️ [INFO] 06/05/2025, 04:19:01 PM | User object: {"id":"68261c189793af40ff160090","email":"superadmin@gmail.com","username":"superadmin","userType":"ADMIN","adminStatus":"SUPER_ADMIN","featureAccess":[{"id":1,"feature":"HOME","access":"FULL_ACCESS","_id":"68261c189793af40ff160099"},{"id":2,"feature":"ADD_TICKET","access":"FULL_ACCESS","_id":"68261c189793af40ff16009a"},{"id":3,"feature":"VIEW_TICKET","access":"FULL_ACCESS","_id":"68261c189793af40ff16009b"},{"id":4,"feature":"EDIT_TICKET","access":"FULL_ACCESS","_id":"68261c189793af40ff16009c"},{"id":5,"feature":"DELETE_TICKET","access":"FULL_ACCESS","_id":"68261c189793af40ff16009d"},{"id":6,"feature":"ALL_TICKETS","access":"NO_ACCESS","_id":"68261c189793af40ff16009e"},{"id":7,"feature":"MY_TICKETS","access":"FULL_ACCESS","_id":"68261c189793af40ff16009f"}]}
ℹ️ [INFO] 06/05/2025, 04:19:01 PM | Upload directories initialized successfully
ℹ️ [INFO] 06/05/2025, 04:19:01 PM | ✅ Category image uploaded locally for superadmin@gmail.com => category-superadmin-68261c189793af40ff160090-20250605161901.jpeg
ℹ️ [INFO] 06/05/2025, 04:19:01 PM | Notification saved: ADD_CATEGORY, ID: 6841923d47e7306d136e9a6b
ℹ️ [INFO] 06/05/2025, 04:19:01 PM | Notification sent via WebSocket: ADD_CATEGORY
ℹ️ [INFO] 06/05/2025, 04:19:01 PM | Category موبایل created by superadmin@gmail.com
ℹ️ [INFO] 06/05/2025, 04:19:07 PM | User object: {"id":"68261c189793af40ff160090","email":"superadmin@gmail.com","username":"superadmin","userType":"ADMIN","adminStatus":"SUPER_ADMIN","featureAccess":[{"id":1,"feature":"HOME","access":"FULL_ACCESS","_id":"68261c189793af40ff160099"},{"id":2,"feature":"ADD_TICKET","access":"FULL_ACCESS","_id":"68261c189793af40ff16009a"},{"id":3,"feature":"VIEW_TICKET","access":"FULL_ACCESS","_id":"68261c189793af40ff16009b"},{"id":4,"feature":"EDIT_TICKET","access":"FULL_ACCESS","_id":"68261c189793af40ff16009c"},{"id":5,"feature":"DELETE_TICKET","access":"FULL_ACCESS","_id":"68261c189793af40ff16009d"},{"id":6,"feature":"ALL_TICKETS","access":"NO_ACCESS","_id":"68261c189793af40ff16009e"},{"id":7,"feature":"MY_TICKETS","access":"FULL_ACCESS","_id":"68261c189793af40ff16009f"}]}
ℹ️ [INFO] 06/05/2025, 04:19:07 PM | Upload directories initialized successfully
ℹ️ [INFO] 06/05/2025, 04:19:07 PM | ✅ Category image uploaded locally for superadmin@gmail.com => category-superadmin-68261c189793af40ff160090-20250605161907.jpeg
ℹ️ [INFO] 06/05/2025, 04:19:07 PM | Notification saved: ADD_CATEGORY, ID: 6841924347e7306d136e9a7b
ℹ️ [INFO] 06/05/2025, 04:19:07 PM | Notification sent via WebSocket: ADD_CATEGORY
ℹ️ [INFO] 06/05/2025, 04:19:07 PM | Category گوشی آیفون created by superadmin@gmail.com
ℹ️ [INFO] 06/05/2025, 04:19:38 PM | User object: {"id":"68261c189793af40ff160090","email":"superadmin@gmail.com","username":"superadmin","userType":"ADMIN","adminStatus":"SUPER_ADMIN","featureAccess":[{"id":1,"feature":"HOME","access":"FULL_ACCESS","_id":"68261c189793af40ff160099"},{"id":2,"feature":"ADD_TICKET","access":"FULL_ACCESS","_id":"68261c189793af40ff16009a"},{"id":3,"feature":"VIEW_TICKET","access":"FULL_ACCESS","_id":"68261c189793af40ff16009b"},{"id":4,"feature":"EDIT_TICKET","access":"FULL_ACCESS","_id":"68261c189793af40ff16009c"},{"id":5,"feature":"DELETE_TICKET","access":"FULL_ACCESS","_id":"68261c189793af40ff16009d"},{"id":6,"feature":"ALL_TICKETS","access":"NO_ACCESS","_id":"68261c189793af40ff16009e"},{"id":7,"feature":"MY_TICKETS","access":"FULL_ACCESS","_id":"68261c189793af40ff16009f"}]}
ℹ️ [INFO] 06/05/2025, 04:19:38 PM | Upload directories initialized successfully
ℹ️ [INFO] 06/05/2025, 04:19:38 PM | ✅ Category image uploaded locally for superadmin@gmail.com => category-superadmin-68261c189793af40ff160090-20250605161938.jpeg
❗ [ERROR] 06/05/2025, 04:19:38 PM | Error creating category: E11000 duplicate key error collection: shop-server.categories index: slug_1 dup key: { slug: "gwshy-aayfwn" }
❗ [ERROR] 06/05/2025, 04:19:38 PM | Error creating category: E11000 duplicate key error collection: shop-server.categories index: slug_1 dup key: { slug: "gwshy-aayfwn" }
ℹ️ [INFO] 06/05/2025, 04:19:50 PM | User object: {"id":"68261c189793af40ff160090","email":"superadmin@gmail.com","username":"superadmin","userType":"ADMIN","adminStatus":"SUPER_ADMIN","featureAccess":[{"id":1,"feature":"HOME","access":"FULL_ACCESS","_id":"68261c189793af40ff160099"},{"id":2,"feature":"ADD_TICKET","access":"FULL_ACCESS","_id":"68261c189793af40ff16009a"},{"id":3,"feature":"VIEW_TICKET","access":"FULL_ACCESS","_id":"68261c189793af40ff16009b"},{"id":4,"feature":"EDIT_TICKET","access":"FULL_ACCESS","_id":"68261c189793af40ff16009c"},{"id":5,"feature":"DELETE_TICKET","access":"FULL_ACCESS","_id":"68261c189793af40ff16009d"},{"id":6,"feature":"ALL_TICKETS","access":"NO_ACCESS","_id":"68261c189793af40ff16009e"},{"id":7,"feature":"MY_TICKETS","access":"FULL_ACCESS","_id":"68261c189793af40ff16009f"}]}
ℹ️ [INFO] 06/05/2025, 04:19:50 PM | Upload directories initialized successfully
ℹ️ [INFO] 06/05/2025, 04:19:50 PM | ✅ Category image uploaded locally for superadmin@gmail.com => category-superadmin-68261c189793af40ff160090-20250605161950.jpeg
ℹ️ [INFO] 06/05/2025, 04:19:50 PM | Notification saved: ADD_CATEGORY, ID: 6841926e47e7306d136e9a9b
ℹ️ [INFO] 06/05/2025, 04:19:50 PM | Notification sent via WebSocket: ADD_CATEGORY
ℹ️ [INFO] 06/05/2025, 04:19:50 PM | Category گوشی سامسونگ created by superadmin@gmail.com
ℹ️ [INFO] 06/05/2025, 04:26:56 PM | MongoDB connected
ℹ️ [INFO] 06/05/2025, 04:26:56 PM | All plugins registered successfully
ℹ️ [INFO] 06/05/2025, 04:26:56 PM | Middlewares configured
ℹ️ [INFO] 06/05/2025, 04:26:56 PM | Helmet security headers enabled
ℹ️ [INFO] 06/05/2025, 04:26:56 PM | Rate limiting applied (100 reqs/min)
ℹ️ [INFO] 06/05/2025, 04:26:56 PM | CORS enabled
ℹ️ [INFO] 06/05/2025, 04:26:56 PM | Security middlewares fully configured
ℹ️ [INFO] 06/05/2025, 04:26:56 PM | Interceptors configured
ℹ️ [INFO] 06/05/2025, 04:26:56 PM | Routes configured
ℹ️ [INFO] 06/05/2025, 04:26:56 PM | WebSocket server initialized
ℹ️ [INFO] 06/05/2025, 04:26:56 PM | Server running on port 8080
ℹ️ [INFO] 06/05/2025, 04:26:58 PM | MongoDB connected
ℹ️ [INFO] 06/05/2025, 04:26:58 PM | All plugins registered successfully
ℹ️ [INFO] 06/05/2025, 04:26:58 PM | Middlewares configured
ℹ️ [INFO] 06/05/2025, 04:26:58 PM | Helmet security headers enabled
ℹ️ [INFO] 06/05/2025, 04:26:58 PM | Rate limiting applied (100 reqs/min)
ℹ️ [INFO] 06/05/2025, 04:26:58 PM | CORS enabled
ℹ️ [INFO] 06/05/2025, 04:26:58 PM | Security middlewares fully configured
ℹ️ [INFO] 06/05/2025, 04:26:58 PM | Interceptors configured
ℹ️ [INFO] 06/05/2025, 04:26:58 PM | Routes configured
ℹ️ [INFO] 06/05/2025, 04:26:58 PM | WebSocket server initialized
ℹ️ [INFO] 06/05/2025, 04:26:58 PM | Server running on port 8080
ℹ️ [INFO] 06/05/2025, 04:27:06 PM | User object: {"id":"68261c189793af40ff160090","email":"superadmin@gmail.com","username":"superadmin","userType":"ADMIN","adminStatus":"SUPER_ADMIN","featureAccess":[{"id":1,"feature":"HOME","access":"FULL_ACCESS","_id":"68261c189793af40ff160099"},{"id":2,"feature":"ADD_TICKET","access":"FULL_ACCESS","_id":"68261c189793af40ff16009a"},{"id":3,"feature":"VIEW_TICKET","access":"FULL_ACCESS","_id":"68261c189793af40ff16009b"},{"id":4,"feature":"EDIT_TICKET","access":"FULL_ACCESS","_id":"68261c189793af40ff16009c"},{"id":5,"feature":"DELETE_TICKET","access":"FULL_ACCESS","_id":"68261c189793af40ff16009d"},{"id":6,"feature":"ALL_TICKETS","access":"NO_ACCESS","_id":"68261c189793af40ff16009e"},{"id":7,"feature":"MY_TICKETS","access":"FULL_ACCESS","_id":"68261c189793af40ff16009f"}]}
ℹ️ [INFO] 06/05/2025, 04:27:06 PM | Upload directories initialized successfully
ℹ️ [INFO] 06/05/2025, 04:27:06 PM | ✅ Category image uploaded locally for superadmin@gmail.com => category-superadmin-68261c189793af40ff160090-20250605162706.jpeg
ℹ️ [INFO] 06/05/2025, 04:27:06 PM | Notification saved: ADD_CATEGORY, ID: 684194221985ddf032e04180
ℹ️ [INFO] 06/05/2025, 04:27:06 PM | Notification sent via WebSocket: ADD_CATEGORY
ℹ️ [INFO] 06/05/2025, 04:27:06 PM | Category کالای دیجیتال created by superadmin@gmail.com
ℹ️ [INFO] 06/05/2025, 04:33:45 PM | MongoDB connected
ℹ️ [INFO] 06/05/2025, 04:33:45 PM | All plugins registered successfully
ℹ️ [INFO] 06/05/2025, 04:33:45 PM | Middlewares configured
ℹ️ [INFO] 06/05/2025, 04:33:45 PM | Helmet security headers enabled
ℹ️ [INFO] 06/05/2025, 04:33:45 PM | Rate limiting applied (100 reqs/min)
ℹ️ [INFO] 06/05/2025, 04:33:45 PM | CORS enabled
ℹ️ [INFO] 06/05/2025, 04:33:45 PM | Security middlewares fully configured
ℹ️ [INFO] 06/05/2025, 04:33:45 PM | Interceptors configured
ℹ️ [INFO] 06/05/2025, 04:33:45 PM | Routes configured
ℹ️ [INFO] 06/05/2025, 04:33:45 PM | WebSocket server initialized
ℹ️ [INFO] 06/05/2025, 04:33:45 PM | Server running on port 8080
ℹ️ [INFO] 06/05/2025, 04:34:02 PM | User object: {"id":"68261c189793af40ff160090","email":"superadmin@gmail.com","username":"superadmin","userType":"ADMIN","adminStatus":"SUPER_ADMIN","featureAccess":[{"id":1,"feature":"HOME","access":"FULL_ACCESS","_id":"68261c189793af40ff160099"},{"id":2,"feature":"ADD_TICKET","access":"FULL_ACCESS","_id":"68261c189793af40ff16009a"},{"id":3,"feature":"VIEW_TICKET","access":"FULL_ACCESS","_id":"68261c189793af40ff16009b"},{"id":4,"feature":"EDIT_TICKET","access":"FULL_ACCESS","_id":"68261c189793af40ff16009c"},{"id":5,"feature":"DELETE_TICKET","access":"FULL_ACCESS","_id":"68261c189793af40ff16009d"},{"id":6,"feature":"ALL_TICKETS","access":"NO_ACCESS","_id":"68261c189793af40ff16009e"},{"id":7,"feature":"MY_TICKETS","access":"FULL_ACCESS","_id":"68261c189793af40ff16009f"}]}
ℹ️ [INFO] 06/05/2025, 04:34:02 PM | Upload directories initialized successfully
ℹ️ [INFO] 06/05/2025, 04:34:02 PM | ✅ Category image uploaded locally for superadmin@gmail.com => category-superadmin-68261c189793af40ff160090-20250605163402.jpeg
ℹ️ [INFO] 06/05/2025, 04:34:02 PM | Notification saved: ADD_CATEGORY, ID: 684195c2a4922b68a1c6fd2a
ℹ️ [INFO] 06/05/2025, 04:34:02 PM | Notification sent via WebSocket: ADD_CATEGORY
ℹ️ [INFO] 06/05/2025, 04:34:02 PM | Category کالای دیجیتال created by superadmin@gmail.com
ℹ️ [INFO] 06/05/2025, 04:34:17 PM | User object: {"id":"68261c189793af40ff160090","email":"superadmin@gmail.com","username":"superadmin","userType":"ADMIN","adminStatus":"SUPER_ADMIN","featureAccess":[{"id":1,"feature":"HOME","access":"FULL_ACCESS","_id":"68261c189793af40ff160099"},{"id":2,"feature":"ADD_TICKET","access":"FULL_ACCESS","_id":"68261c189793af40ff16009a"},{"id":3,"feature":"VIEW_TICKET","access":"FULL_ACCESS","_id":"68261c189793af40ff16009b"},{"id":4,"feature":"EDIT_TICKET","access":"FULL_ACCESS","_id":"68261c189793af40ff16009c"},{"id":5,"feature":"DELETE_TICKET","access":"FULL_ACCESS","_id":"68261c189793af40ff16009d"},{"id":6,"feature":"ALL_TICKETS","access":"NO_ACCESS","_id":"68261c189793af40ff16009e"},{"id":7,"feature":"MY_TICKETS","access":"FULL_ACCESS","_id":"68261c189793af40ff16009f"}]}
ℹ️ [INFO] 06/05/2025, 04:34:17 PM | Upload directories initialized successfully
ℹ️ [INFO] 06/05/2025, 04:34:17 PM | ✅ Category image uploaded locally for superadmin@gmail.com => category-superadmin-68261c189793af40ff160090-20250605163417.jpeg
ℹ️ [INFO] 06/05/2025, 04:34:17 PM | Notification saved: ADD_CATEGORY, ID: 684195d1a4922b68a1c6fd3b
ℹ️ [INFO] 06/05/2025, 04:34:17 PM | Notification sent via WebSocket: ADD_CATEGORY
ℹ️ [INFO] 06/05/2025, 04:34:17 PM | Category موبایل created by superadmin@gmail.com
ℹ️ [INFO] 06/05/2025, 04:34:54 PM | User object: {"id":"68261c189793af40ff160090","email":"superadmin@gmail.com","username":"superadmin","userType":"ADMIN","adminStatus":"SUPER_ADMIN","featureAccess":[{"id":1,"feature":"HOME","access":"FULL_ACCESS","_id":"68261c189793af40ff160099"},{"id":2,"feature":"ADD_TICKET","access":"FULL_ACCESS","_id":"68261c189793af40ff16009a"},{"id":3,"feature":"VIEW_TICKET","access":"FULL_ACCESS","_id":"68261c189793af40ff16009b"},{"id":4,"feature":"EDIT_TICKET","access":"FULL_ACCESS","_id":"68261c189793af40ff16009c"},{"id":5,"feature":"DELETE_TICKET","access":"FULL_ACCESS","_id":"68261c189793af40ff16009d"},{"id":6,"feature":"ALL_TICKETS","access":"NO_ACCESS","_id":"68261c189793af40ff16009e"},{"id":7,"feature":"MY_TICKETS","access":"FULL_ACCESS","_id":"68261c189793af40ff16009f"}]}
ℹ️ [INFO] 06/05/2025, 04:34:54 PM | Upload directories initialized successfully
ℹ️ [INFO] 06/05/2025, 04:34:54 PM | ✅ Category image uploaded locally for superadmin@gmail.com => category-superadmin-68261c189793af40ff160090-20250605163454.jpeg
ℹ️ [INFO] 06/05/2025, 04:34:54 PM | Notification saved: ADD_CATEGORY, ID: 684195f6a4922b68a1c6fd4e
ℹ️ [INFO] 06/05/2025, 04:34:54 PM | Notification sent via WebSocket: ADD_CATEGORY
ℹ️ [INFO] 06/05/2025, 04:34:54 PM | Category گوشی آیفون created by superadmin@gmail.com
ℹ️ [INFO] 06/05/2025, 04:35:06 PM | User object: {"id":"68261c189793af40ff160090","email":"superadmin@gmail.com","username":"superadmin","userType":"ADMIN","adminStatus":"SUPER_ADMIN","featureAccess":[{"id":1,"feature":"HOME","access":"FULL_ACCESS","_id":"68261c189793af40ff160099"},{"id":2,"feature":"ADD_TICKET","access":"FULL_ACCESS","_id":"68261c189793af40ff16009a"},{"id":3,"feature":"VIEW_TICKET","access":"FULL_ACCESS","_id":"68261c189793af40ff16009b"},{"id":4,"feature":"EDIT_TICKET","access":"FULL_ACCESS","_id":"68261c189793af40ff16009c"},{"id":5,"feature":"DELETE_TICKET","access":"FULL_ACCESS","_id":"68261c189793af40ff16009d"},{"id":6,"feature":"ALL_TICKETS","access":"NO_ACCESS","_id":"68261c189793af40ff16009e"},{"id":7,"feature":"MY_TICKETS","access":"FULL_ACCESS","_id":"68261c189793af40ff16009f"}]}
ℹ️ [INFO] 06/05/2025, 04:35:06 PM | Upload directories initialized successfully
ℹ️ [INFO] 06/05/2025, 04:35:06 PM | ✅ Category image uploaded locally for superadmin@gmail.com => category-superadmin-68261c189793af40ff160090-20250605163506.jpeg
ℹ️ [INFO] 06/05/2025, 04:35:06 PM | Notification saved: ADD_CATEGORY, ID: 68419602a4922b68a1c6fd5f
ℹ️ [INFO] 06/05/2025, 04:35:06 PM | Notification sent via WebSocket: ADD_CATEGORY
ℹ️ [INFO] 06/05/2025, 04:35:06 PM | Category گوشی سامسونگ created by superadmin@gmail.com
ℹ️ [INFO] 06/05/2025, 04:35:54 PM | Upload directories initialized successfully
ℹ️ [INFO] 06/05/2025, 04:35:54 PM | ✅ Product main image uploaded locally for superadmin@gmail.com => product-main-superadmin-68261c189793af40ff160090-20250605163554.jpeg
ℹ️ [INFO] 06/05/2025, 04:35:54 PM | Processing 1 media files for product undefined
ℹ️ [INFO] 06/05/2025, 04:35:54 PM | Generated filename: product-superadmin-68261c189793af40ff160090-20250605163554.jpeg
ℹ️ [INFO] 06/05/2025, 04:35:54 PM | Upload directories initialized successfully
ℹ️ [INFO] 06/05/2025, 04:35:54 PM | Saving file locally: /Users/devrct/Developer/Online_Shop/server/src/Uploads/product/images/product-superadmin-68261c189793af40ff160090-20250605163554.jpeg
ℹ️ [INFO] 06/05/2025, 04:35:54 PM | ✅ Product media uploaded locally for superadmin@gmail.com => /uploads/product/images/product-superadmin-68261c189793af40ff160090-20250605163554.jpeg
ℹ️ [INFO] 06/05/2025, 04:35:54 PM | Added file to uploadedFiles: s-l1200.jpg
ℹ️ [INFO] 06/05/2025, 04:35:54 PM | Successfully uploaded 1 media files
ℹ️ [INFO] 06/05/2025, 04:35:54 PM | Notification saved: ADD_PRODUCT, ID: 68419632a4922b68a1c6fd72
ℹ️ [INFO] 06/05/2025, 04:35:54 PM | Notification sent via WebSocket: ADD_PRODUCT
ℹ️ [INFO] 06/05/2025, 04:35:54 PM | Product created by user: superadmin@gmail.com
ℹ️ [INFO] 06/05/2025, 04:36:02 PM | Upload directories initialized successfully
ℹ️ [INFO] 06/05/2025, 04:36:02 PM | ✅ Product main image uploaded locally for superadmin@gmail.com => product-main-superadmin-68261c189793af40ff160090-20250605163602.jpeg
ℹ️ [INFO] 06/05/2025, 04:36:02 PM | Processing 1 media files for product undefined
ℹ️ [INFO] 06/05/2025, 04:36:02 PM | Generated filename: product-superadmin-68261c189793af40ff160090-20250605163602.jpeg
ℹ️ [INFO] 06/05/2025, 04:36:02 PM | Upload directories initialized successfully
ℹ️ [INFO] 06/05/2025, 04:36:02 PM | Saving file locally: /Users/devrct/Developer/Online_Shop/server/src/Uploads/product/images/product-superadmin-68261c189793af40ff160090-20250605163602.jpeg
ℹ️ [INFO] 06/05/2025, 04:36:02 PM | ✅ Product media uploaded locally for superadmin@gmail.com => /uploads/product/images/product-superadmin-68261c189793af40ff160090-20250605163602.jpeg
ℹ️ [INFO] 06/05/2025, 04:36:02 PM | Added file to uploadedFiles: samsung_a54_5g_8_ram_128_gb_android_po150740.jpg
ℹ️ [INFO] 06/05/2025, 04:36:02 PM | Successfully uploaded 1 media files
ℹ️ [INFO] 06/05/2025, 04:36:02 PM | Notification saved: ADD_PRODUCT, ID: 6841963aa4922b68a1c6fd85
ℹ️ [INFO] 06/05/2025, 04:36:02 PM | Notification sent via WebSocket: ADD_PRODUCT
ℹ️ [INFO] 06/05/2025, 04:36:02 PM | Product created by user: superadmin@gmail.com
ℹ️ [INFO] 06/05/2025, 04:36:09 PM | Upload directories initialized successfully
ℹ️ [INFO] 06/05/2025, 04:36:09 PM | ✅ Product main image uploaded locally for superadmin@gmail.com => product-main-superadmin-68261c189793af40ff160090-20250605163609.png
ℹ️ [INFO] 06/05/2025, 04:36:09 PM | Processing 1 media files for product undefined
ℹ️ [INFO] 06/05/2025, 04:36:09 PM | Generated filename: product-superadmin-68261c189793af40ff160090-20250605163609.jpeg
ℹ️ [INFO] 06/05/2025, 04:36:09 PM | Upload directories initialized successfully
ℹ️ [INFO] 06/05/2025, 04:36:09 PM | Saving file locally: /Users/devrct/Developer/Online_Shop/server/src/Uploads/product/images/product-superadmin-68261c189793af40ff160090-20250605163609.jpeg
ℹ️ [INFO] 06/05/2025, 04:36:09 PM | ✅ Product media uploaded locally for superadmin@gmail.com => /uploads/product/images/product-superadmin-68261c189793af40ff160090-20250605163609.jpeg
ℹ️ [INFO] 06/05/2025, 04:36:09 PM | Added file to uploadedFiles: samsung-galaxy-z-flip5-5g-r2.jpg
ℹ️ [INFO] 06/05/2025, 04:36:09 PM | Successfully uploaded 1 media files
ℹ️ [INFO] 06/05/2025, 04:36:09 PM | Notification saved: ADD_PRODUCT, ID: 68419641a4922b68a1c6fd98
ℹ️ [INFO] 06/05/2025, 04:36:09 PM | Notification sent via WebSocket: ADD_PRODUCT
ℹ️ [INFO] 06/05/2025, 04:36:09 PM | Product created by user: superadmin@gmail.com
ℹ️ [INFO] 06/05/2025, 04:36:21 PM | Upload directories initialized successfully
ℹ️ [INFO] 06/05/2025, 04:36:21 PM | ✅ Product main image uploaded locally for superadmin@gmail.com => product-main-superadmin-68261c189793af40ff160090-20250605163621.jpeg
ℹ️ [INFO] 06/05/2025, 04:36:21 PM | Processing 1 media files for product undefined
ℹ️ [INFO] 06/05/2025, 04:36:21 PM | Generated filename: product-superadmin-68261c189793af40ff160090-20250605163621.png
ℹ️ [INFO] 06/05/2025, 04:36:21 PM | Upload directories initialized successfully
ℹ️ [INFO] 06/05/2025, 04:36:21 PM | Saving file locally: /Users/devrct/Developer/Online_Shop/server/src/Uploads/product/images/product-superadmin-68261c189793af40ff160090-20250605163621.png
ℹ️ [INFO] 06/05/2025, 04:36:21 PM | ✅ Product media uploaded locally for superadmin@gmail.com => /uploads/product/images/product-superadmin-68261c189793af40ff160090-20250605163621.png
ℹ️ [INFO] 06/05/2025, 04:36:21 PM | Added file to uploadedFiles: 7274454.png
ℹ️ [INFO] 06/05/2025, 04:36:21 PM | Successfully uploaded 1 media files
ℹ️ [INFO] 06/05/2025, 04:36:21 PM | Notification saved: ADD_PRODUCT, ID: 6841964da4922b68a1c6fdab
ℹ️ [INFO] 06/05/2025, 04:36:21 PM | Notification sent via WebSocket: ADD_PRODUCT
ℹ️ [INFO] 06/05/2025, 04:36:21 PM | Product created by user: superadmin@gmail.com
ℹ️ [INFO] 06/05/2025, 04:36:30 PM | Upload directories initialized successfully
ℹ️ [INFO] 06/05/2025, 04:36:30 PM | ✅ Product main image uploaded locally for superadmin@gmail.com => product-main-superadmin-68261c189793af40ff160090-20250605163630.jpeg
ℹ️ [INFO] 06/05/2025, 04:36:30 PM | Processing 1 media files for product undefined
ℹ️ [INFO] 06/05/2025, 04:36:30 PM | Generated filename: product-superadmin-68261c189793af40ff160090-20250605163630.jpeg
ℹ️ [INFO] 06/05/2025, 04:36:30 PM | Upload directories initialized successfully
ℹ️ [INFO] 06/05/2025, 04:36:30 PM | Saving file locally: /Users/devrct/Developer/Online_Shop/server/src/Uploads/product/images/product-superadmin-68261c189793af40ff160090-20250605163630.jpeg
ℹ️ [INFO] 06/05/2025, 04:36:30 PM | ✅ Product media uploaded locally for superadmin@gmail.com => /uploads/product/images/product-superadmin-68261c189793af40ff160090-20250605163630.jpeg
ℹ️ [INFO] 06/05/2025, 04:36:30 PM | Added file to uploadedFiles: Apple-iPhone-13_06.jpg
ℹ️ [INFO] 06/05/2025, 04:36:30 PM | Successfully uploaded 1 media files
ℹ️ [INFO] 06/05/2025, 04:36:30 PM | Notification saved: ADD_PRODUCT, ID: 68419656a4922b68a1c6fdbe
ℹ️ [INFO] 06/05/2025, 04:36:30 PM | Notification sent via WebSocket: ADD_PRODUCT
ℹ️ [INFO] 06/05/2025, 04:36:30 PM | Product created by user: superadmin@gmail.com
ℹ️ [INFO] 06/05/2025, 04:37:17 PM | Upload directories initialized successfully
ℹ️ [INFO] 06/05/2025, 04:37:17 PM | ✅ Product main image uploaded locally for superadmin@gmail.com => product-main-superadmin-68261c189793af40ff160090-20250605163717.jpeg
ℹ️ [INFO] 06/05/2025, 04:37:17 PM | Processing 1 media files for product undefined
ℹ️ [INFO] 06/05/2025, 04:37:17 PM | Generated filename: product-superadmin-68261c189793af40ff160090-20250605163717.jpeg
ℹ️ [INFO] 06/05/2025, 04:37:17 PM | Upload directories initialized successfully
ℹ️ [INFO] 06/05/2025, 04:37:17 PM | Saving file locally: /Users/devrct/Developer/Online_Shop/server/src/Uploads/product/images/product-superadmin-68261c189793af40ff160090-20250605163717.jpeg
ℹ️ [INFO] 06/05/2025, 04:37:17 PM | ✅ Product media uploaded locally for superadmin@gmail.com => /uploads/product/images/product-superadmin-68261c189793af40ff160090-20250605163717.jpeg
ℹ️ [INFO] 06/05/2025, 04:37:17 PM | Added file to uploadedFiles: iPhone16Plus-Lineup.jpg
ℹ️ [INFO] 06/05/2025, 04:37:17 PM | Successfully uploaded 1 media files
ℹ️ [INFO] 06/05/2025, 04:37:17 PM | Notification saved: ADD_PRODUCT, ID: 68419685a4922b68a1c6fdd1
ℹ️ [INFO] 06/05/2025, 04:37:17 PM | Notification sent via WebSocket: ADD_PRODUCT
ℹ️ [INFO] 06/05/2025, 04:37:17 PM | Product created by user: superadmin@gmail.com
ℹ️ [INFO] 06/05/2025, 04:38:42 PM | Notification saved: UPDATE_PRODUCT_SPEC, ID: 684196daa4922b68a1c6fde2
ℹ️ [INFO] 06/05/2025, 04:38:42 PM | Notification sent via WebSocket: UPDATE_PRODUCT_SPEC
ℹ️ [INFO] 06/05/2025, 04:38:42 PM | Product 68419632a4922b68a1c6fd6b updated by user superadmin@gmail.com
ℹ️ [INFO] 06/05/2025, 04:38:49 PM | Notification saved: UPDATE_PRODUCT_SPEC, ID: 684196e1a4922b68a1c6fdf3
ℹ️ [INFO] 06/05/2025, 04:38:49 PM | Notification sent via WebSocket: UPDATE_PRODUCT_SPEC
ℹ️ [INFO] 06/05/2025, 04:38:49 PM | Product 6841963aa4922b68a1c6fd7e updated by user superadmin@gmail.com
ℹ️ [INFO] 06/05/2025, 04:38:56 PM | Notification saved: UPDATE_PRODUCT_SPEC, ID: 684196e8a4922b68a1c6fe04
ℹ️ [INFO] 06/05/2025, 04:38:56 PM | Notification sent via WebSocket: UPDATE_PRODUCT_SPEC
ℹ️ [INFO] 06/05/2025, 04:38:56 PM | Product 68419641a4922b68a1c6fd91 updated by user superadmin@gmail.com
ℹ️ [INFO] 06/05/2025, 04:39:02 PM | Notification saved: UPDATE_PRODUCT_SPEC, ID: 684196eea4922b68a1c6fe15
ℹ️ [INFO] 06/05/2025, 04:39:02 PM | Notification sent via WebSocket: UPDATE_PRODUCT_SPEC
ℹ️ [INFO] 06/05/2025, 04:39:02 PM | Product 6841964da4922b68a1c6fda4 updated by user superadmin@gmail.com
ℹ️ [INFO] 06/05/2025, 04:39:09 PM | Notification saved: UPDATE_PRODUCT_SPEC, ID: 684196f5a4922b68a1c6fe26
ℹ️ [INFO] 06/05/2025, 04:39:09 PM | Notification sent via WebSocket: UPDATE_PRODUCT_SPEC
ℹ️ [INFO] 06/05/2025, 04:39:09 PM | Product 68419656a4922b68a1c6fdb7 updated by user superadmin@gmail.com
ℹ️ [INFO] 06/05/2025, 04:39:15 PM | Notification saved: UPDATE_PRODUCT_SPEC, ID: 684196fba4922b68a1c6fe37
ℹ️ [INFO] 06/05/2025, 04:39:15 PM | Notification sent via WebSocket: UPDATE_PRODUCT_SPEC
ℹ️ [INFO] 06/05/2025, 04:39:15 PM | Product 68419685a4922b68a1c6fdca updated by user superadmin@gmail.com
❗ [ERROR] 06/05/2025, 04:39:23 PM | Error fetching product: Product not found
❗ [ERROR] 06/05/2025, 04:39:23 PM | Error fetching product: Product not found
❗ [ERROR] 06/05/2025, 04:39:24 PM | Error fetching product: Product not found
❗ [ERROR] 06/05/2025, 04:39:24 PM | Error fetching product: Product not found
❗ [ERROR] 06/05/2025, 04:39:25 PM | Error fetching product: Product not found
❗ [ERROR] 06/05/2025, 04:39:25 PM | Error fetching product: Product not found
❗ [ERROR] 06/05/2025, 04:39:26 PM | Error fetching product: Product not found
❗ [ERROR] 06/05/2025, 04:39:26 PM | Error fetching product: Product not found
❗ [ERROR] 06/05/2025, 04:39:28 PM | Error fetching product: Product not found
❗ [ERROR] 06/05/2025, 04:39:28 PM | Error fetching product: Product not found
❗ [ERROR] 06/05/2025, 04:39:32 PM | Error fetching product: Product not found
❗ [ERROR] 06/05/2025, 04:39:32 PM | Error fetching product: Product not found
ℹ️ [INFO] 06/05/2025, 04:39:37 PM | MongoDB connected
ℹ️ [INFO] 06/05/2025, 04:39:37 PM | All plugins registered successfully
ℹ️ [INFO] 06/05/2025, 04:39:37 PM | Middlewares configured
ℹ️ [INFO] 06/05/2025, 04:39:37 PM | Helmet security headers enabled
ℹ️ [INFO] 06/05/2025, 04:39:37 PM | Rate limiting applied (100 reqs/min)
ℹ️ [INFO] 06/05/2025, 04:39:37 PM | CORS enabled
ℹ️ [INFO] 06/05/2025, 04:39:37 PM | Security middlewares fully configured
ℹ️ [INFO] 06/05/2025, 04:39:37 PM | Interceptors configured
ℹ️ [INFO] 06/05/2025, 04:39:37 PM | Routes configured
ℹ️ [INFO] 06/05/2025, 04:39:37 PM | WebSocket server initialized
ℹ️ [INFO] 06/05/2025, 04:39:37 PM | Server running on port 8080
ℹ️ [INFO] 06/05/2025, 04:39:38 PM | Product list retrieved by unauthenticated user
ℹ️ [INFO] 06/05/2025, 04:40:28 PM | Product list retrieved by unauthenticated user
ℹ️ [INFO] 06/05/2025, 04:40:51 PM | Product list retrieved by unauthenticated user
ℹ️ [INFO] 06/05/2025, 04:40:58 PM | Product list retrieved by unauthenticated user
ℹ️ [INFO] 06/05/2025, 04:41:06 PM | Product list retrieved by unauthenticated user
ℹ️ [INFO] 06/05/2025, 04:47:51 PM | Product list retrieved by unauthenticated user
ℹ️ [INFO] 06/05/2025, 04:47:56 PM | Product list retrieved by unauthenticated user
ℹ️ [INFO] 06/05/2025, 04:48:08 PM | Product list retrieved by unauthenticated user
ℹ️ [INFO] 06/05/2025, 04:50:15 PM | Product list retrieved by unauthenticated user
ℹ️ [INFO] 06/05/2025, 04:50:21 PM | Product list retrieved by unauthenticated user
ℹ️ [INFO] 06/05/2025, 04:54:43 PM | Product list retrieved by unauthenticated user
ℹ️ [INFO] 06/05/2025, 04:54:47 PM | Product list retrieved by unauthenticated user
ℹ️ [INFO] 06/05/2025, 04:54:48 PM | Product list retrieved by unauthenticated user
ℹ️ [INFO] 06/05/2025, 04:54:49 PM | Product list retrieved by unauthenticated user
ℹ️ [INFO] 06/05/2025, 04:54:50 PM | Product list retrieved by unauthenticated user
ℹ️ [INFO] 06/05/2025, 04:54:51 PM | Product list retrieved by unauthenticated user
ℹ️ [INFO] 06/05/2025, 04:54:51 PM | Product list retrieved by unauthenticated user
ℹ️ [INFO] 06/05/2025, 04:54:52 PM | Product list retrieved by unauthenticated user
ℹ️ [INFO] 06/05/2025, 04:54:53 PM | Product list retrieved by unauthenticated user
ℹ️ [INFO] 06/05/2025, 04:54:53 PM | Product list retrieved by unauthenticated user
ℹ️ [INFO] 06/05/2025, 04:54:54 PM | Product list retrieved by unauthenticated user
ℹ️ [INFO] 06/05/2025, 04:54:57 PM | Product 68419632a4922b68a1c6fd6b
ℹ️ [INFO] 06/05/2025, 04:54:59 PM | Product 68419632a4922b68a1c6fd6b
ℹ️ [INFO] 06/05/2025, 04:54:59 PM | Product 68419632a4922b68a1c6fd6b
❗ [ERROR] 06/05/2025, 05:11:29 PM | Error fetching product: Product not found
❗ [ERROR] 06/05/2025, 05:11:29 PM | Error fetching product: Product not found
❗ [ERROR] 06/05/2025, 05:11:30 PM | Error fetching product: Product not found
❗ [ERROR] 06/05/2025, 05:11:30 PM | Error fetching product: Product not found
ℹ️ [INFO] 06/05/2025, 05:11:32 PM | Product list retrieved by unauthenticated user
❗ [ERROR] 06/05/2025, 05:12:20 PM | Error fetching product: Product not found
❗ [ERROR] 06/05/2025, 05:12:20 PM | Error fetching product: Product not found
❗ [ERROR] 06/05/2025, 05:12:22 PM | Error fetching product: Product not found
❗ [ERROR] 06/05/2025, 05:12:22 PM | Error fetching product: Product not found
❗ [ERROR] 06/05/2025, 05:12:23 PM | Error fetching product: Product not found
❗ [ERROR] 06/05/2025, 05:12:23 PM | Error fetching product: Product not found
❗ [ERROR] 06/05/2025, 05:12:24 PM | Error fetching product: Product not found
❗ [ERROR] 06/05/2025, 05:12:24 PM | Error fetching product: Product not found
❗ [ERROR] 06/05/2025, 05:12:26 PM | Error fetching product: Product not found
❗ [ERROR] 06/05/2025, 05:12:26 PM | Error fetching product: Product not found
❗ [ERROR] 06/05/2025, 05:12:30 PM | Error fetching product: Product not found
❗ [ERROR] 06/05/2025, 05:12:30 PM | Error fetching product: Product not found
ℹ️ [INFO] 06/05/2025, 05:12:38 PM | Product list retrieved by unauthenticated user
ℹ️ [INFO] 06/05/2025, 05:12:40 PM | Product 68419632a4922b68a1c6fd6b
ℹ️ [INFO] 06/05/2025, 05:17:44 PM | Product 68419632a4922b68a1c6fd6b
ℹ️ [INFO] 06/05/2025, 05:18:37 PM | Product 68419632a4922b68a1c6fd6b
ℹ️ [INFO] 06/05/2025, 05:18:46 PM | Product 68419632a4922b68a1c6fd6b
ℹ️ [INFO] 06/05/2025, 05:18:51 PM | Product 68419632a4922b68a1c6fd6b
ℹ️ [INFO] 06/05/2025, 05:19:38 PM | Upload directories initialized successfully
ℹ️ [INFO] 06/05/2025, 05:19:38 PM | ✅ Product main image uploaded locally for superadmin@gmail.com => product-main-superadmin-68261c189793af40ff160090-20250605171938.jpeg
ℹ️ [INFO] 06/05/2025, 05:19:38 PM | Processing 1 media files for product undefined
ℹ️ [INFO] 06/05/2025, 05:19:38 PM | Generated filename: product-superadmin-68261c189793af40ff160090-20250605171938.jpeg
ℹ️ [INFO] 06/05/2025, 05:19:38 PM | Upload directories initialized successfully
ℹ️ [INFO] 06/05/2025, 05:19:38 PM | Saving file locally: /Users/devrct/Developer/Online_Shop/server/src/Uploads/product/images/product-superadmin-68261c189793af40ff160090-20250605171938.jpeg
ℹ️ [INFO] 06/05/2025, 05:19:38 PM | ✅ Product media uploaded locally for superadmin@gmail.com => /uploads/product/images/product-superadmin-68261c189793af40ff160090-20250605171938.jpeg
ℹ️ [INFO] 06/05/2025, 05:19:38 PM | Added file to uploadedFiles: iPhone16Plus-Lineup.jpg
ℹ️ [INFO] 06/05/2025, 05:19:38 PM | Successfully uploaded 1 media files
ℹ️ [INFO] 06/05/2025, 05:19:38 PM | Notification saved: ADD_PRODUCT, ID: 6841a072d76957597830ed4c
ℹ️ [INFO] 06/05/2025, 05:19:38 PM | Notification sent via WebSocket: ADD_PRODUCT
ℹ️ [INFO] 06/05/2025, 05:19:38 PM | Product created by user: superadmin@gmail.com
ℹ️ [INFO] 06/05/2025, 05:21:21 PM | Product 68419632a4922b68a1c6fd6b
ℹ️ [INFO] 06/05/2025, 05:21:24 PM | Product 68419632a4922b68a1c6fd6b
ℹ️ [INFO] 06/05/2025, 05:21:43 PM | Product list retrieved by unauthenticated user
ℹ️ [INFO] 06/05/2025, 05:22:00 PM | Product list retrieved by unauthenticated user
ℹ️ [INFO] 06/05/2025, 05:22:01 PM | Product 6841a072d76957597830ed45
ℹ️ [INFO] 06/05/2025, 06:00:38 PM | Product 6841a072d76957597830ed45
ℹ️ [INFO] 06/05/2025, 06:00:38 PM | Product list retrieved by unauthenticated user
ℹ️ [INFO] 06/05/2025, 06:00:45 PM | Product 6841a072d76957597830ed45
ℹ️ [INFO] 06/05/2025, 06:01:14 PM | Product list retrieved by unauthenticated user
ℹ️ [INFO] 06/05/2025, 06:02:01 PM | Notification saved: UPDATE_PRODUCT_SPEC, ID: 6841aa61d76957597830ed73
ℹ️ [INFO] 06/05/2025, 06:02:01 PM | Notification sent via WebSocket: UPDATE_PRODUCT_SPEC
ℹ️ [INFO] 06/05/2025, 06:02:01 PM | Product 6841a072d76957597830ed45 updated by user superadmin@gmail.com
ℹ️ [INFO] 06/05/2025, 06:02:38 PM | Product list retrieved by unauthenticated user
ℹ️ [INFO] 06/05/2025, 06:02:40 PM | Product list retrieved by unauthenticated user
ℹ️ [INFO] 06/05/2025, 06:02:41 PM | Product list retrieved by unauthenticated user
ℹ️ [INFO] 06/05/2025, 06:02:42 PM | Product list retrieved by unauthenticated user
ℹ️ [INFO] 06/05/2025, 06:05:14 PM | MongoDB connected
ℹ️ [INFO] 06/05/2025, 06:05:14 PM | All plugins registered successfully
ℹ️ [INFO] 06/05/2025, 06:05:14 PM | Middlewares configured
ℹ️ [INFO] 06/05/2025, 06:05:14 PM | Helmet security headers enabled
ℹ️ [INFO] 06/05/2025, 06:05:14 PM | Rate limiting applied (100 reqs/min)
ℹ️ [INFO] 06/05/2025, 06:05:14 PM | CORS enabled
ℹ️ [INFO] 06/05/2025, 06:05:14 PM | Security middlewares fully configured
ℹ️ [INFO] 06/05/2025, 06:05:14 PM | Interceptors configured
ℹ️ [INFO] 06/05/2025, 06:05:14 PM | Routes configured
ℹ️ [INFO] 06/05/2025, 06:05:14 PM | WebSocket server initialized
ℹ️ [INFO] 06/05/2025, 06:05:14 PM | Server running on port 8080
ℹ️ [INFO] 06/05/2025, 06:05:15 PM | MongoDB connected
ℹ️ [INFO] 06/05/2025, 06:05:15 PM | All plugins registered successfully
ℹ️ [INFO] 06/05/2025, 06:05:16 PM | MongoDB connected
ℹ️ [INFO] 06/05/2025, 06:05:16 PM | All plugins registered successfully
ℹ️ [INFO] 06/05/2025, 06:05:16 PM | Middlewares configured
ℹ️ [INFO] 06/05/2025, 06:05:16 PM | Helmet security headers enabled
ℹ️ [INFO] 06/05/2025, 06:05:16 PM | Rate limiting applied (100 reqs/min)
ℹ️ [INFO] 06/05/2025, 06:05:16 PM | CORS enabled
ℹ️ [INFO] 06/05/2025, 06:05:16 PM | Security middlewares fully configured
ℹ️ [INFO] 06/05/2025, 06:05:16 PM | Interceptors configured
ℹ️ [INFO] 06/05/2025, 06:05:16 PM | Routes configured
ℹ️ [INFO] 06/05/2025, 06:05:16 PM | WebSocket server initialized
ℹ️ [INFO] 06/05/2025, 06:05:16 PM | Server running on port 8080
ℹ️ [INFO] 06/05/2025, 06:05:39 PM | MongoDB connected
ℹ️ [INFO] 06/05/2025, 06:05:39 PM | All plugins registered successfully
ℹ️ [INFO] 06/05/2025, 06:05:39 PM | Middlewares configured
ℹ️ [INFO] 06/05/2025, 06:05:39 PM | Helmet security headers enabled
ℹ️ [INFO] 06/05/2025, 06:05:39 PM | Rate limiting applied (100 reqs/min)
ℹ️ [INFO] 06/05/2025, 06:05:39 PM | CORS enabled
ℹ️ [INFO] 06/05/2025, 06:05:39 PM | Security middlewares fully configured
ℹ️ [INFO] 06/05/2025, 06:05:39 PM | Interceptors configured
ℹ️ [INFO] 06/05/2025, 06:05:39 PM | Routes configured
ℹ️ [INFO] 06/05/2025, 06:05:39 PM | WebSocket server initialized
ℹ️ [INFO] 06/05/2025, 06:05:39 PM | Server running on port 8080
ℹ️ [INFO] 06/05/2025, 06:05:40 PM | MongoDB connected
ℹ️ [INFO] 06/05/2025, 06:05:40 PM | All plugins registered successfully
ℹ️ [INFO] 06/05/2025, 06:05:40 PM | Middlewares configured
ℹ️ [INFO] 06/05/2025, 06:05:40 PM | Helmet security headers enabled
ℹ️ [INFO] 06/05/2025, 06:05:40 PM | Rate limiting applied (100 reqs/min)
ℹ️ [INFO] 06/05/2025, 06:05:40 PM | CORS enabled
ℹ️ [INFO] 06/05/2025, 06:05:40 PM | Security middlewares fully configured
ℹ️ [INFO] 06/05/2025, 06:05:40 PM | Interceptors configured
ℹ️ [INFO] 06/05/2025, 06:05:40 PM | Routes configured
ℹ️ [INFO] 06/05/2025, 06:05:40 PM | WebSocket server initialized
ℹ️ [INFO] 06/05/2025, 06:05:40 PM | Server running on port 8080
ℹ️ [INFO] 06/05/2025, 06:05:54 PM | Upload directories initialized successfully
ℹ️ [INFO] 06/05/2025, 06:05:54 PM | ✅ Product main image uploaded locally for superadmin@gmail.com => product-main-superadmin-68261c189793af40ff160090-20250605180554.jpeg
ℹ️ [INFO] 06/05/2025, 06:05:54 PM | Processing 1 media files for product undefined
ℹ️ [INFO] 06/05/2025, 06:05:54 PM | Generated filename: product-superadmin-68261c189793af40ff160090-20250605180554.jpeg
ℹ️ [INFO] 06/05/2025, 06:05:54 PM | Upload directories initialized successfully
ℹ️ [INFO] 06/05/2025, 06:05:54 PM | Saving file locally: /Users/devrct/Developer/Online_Shop/server/src/Uploads/product/images/product-superadmin-68261c189793af40ff160090-20250605180554.jpeg
ℹ️ [INFO] 06/05/2025, 06:05:54 PM | ✅ Product media uploaded locally for superadmin@gmail.com => /uploads/product/images/product-superadmin-68261c189793af40ff160090-20250605180554.jpeg
ℹ️ [INFO] 06/05/2025, 06:05:54 PM | Added file to uploadedFiles: iPhone16Plus-Lineup.jpg
ℹ️ [INFO] 06/05/2025, 06:05:54 PM | Successfully uploaded 1 media files
ℹ️ [INFO] 06/05/2025, 06:05:54 PM | Notification saved: ADD_PRODUCT, ID: 6841ab4a23b205343f901788
ℹ️ [INFO] 06/05/2025, 06:05:54 PM | Notification sent via WebSocket: ADD_PRODUCT
ℹ️ [INFO] 06/05/2025, 06:05:54 PM | Product created by user: superadmin@gmail.com
ℹ️ [INFO] 06/05/2025, 06:06:10 PM | Notification saved: UPDATE_PRODUCT_SPEC, ID: 6841ab5a23b205343f901799
ℹ️ [INFO] 06/05/2025, 06:06:10 PM | Notification sent via WebSocket: UPDATE_PRODUCT_SPEC
ℹ️ [INFO] 06/05/2025, 06:06:10 PM | Product 6841ab4a23b205343f901781 updated by user superadmin@gmail.com
ℹ️ [INFO] 06/05/2025, 06:06:40 PM | Upload directories initialized successfully
ℹ️ [INFO] 06/05/2025, 06:06:40 PM | ✅ Product main image uploaded locally for superadmin@gmail.com => product-main-superadmin-68261c189793af40ff160090-20250605180640.jpeg
ℹ️ [INFO] 06/05/2025, 06:06:40 PM | Processing 1 media files for product undefined
ℹ️ [INFO] 06/05/2025, 06:06:40 PM | Generated filename: product-superadmin-68261c189793af40ff160090-20250605180640.jpeg
ℹ️ [INFO] 06/05/2025, 06:06:40 PM | Upload directories initialized successfully
ℹ️ [INFO] 06/05/2025, 06:06:40 PM | Saving file locally: /Users/devrct/Developer/Online_Shop/server/src/Uploads/product/images/product-superadmin-68261c189793af40ff160090-20250605180640.jpeg
ℹ️ [INFO] 06/05/2025, 06:06:40 PM | ✅ Product media uploaded locally for superadmin@gmail.com => /uploads/product/images/product-superadmin-68261c189793af40ff160090-20250605180640.jpeg
ℹ️ [INFO] 06/05/2025, 06:06:40 PM | Added file to uploadedFiles: s-l1200.jpg
ℹ️ [INFO] 06/05/2025, 06:06:40 PM | Successfully uploaded 1 media files
ℹ️ [INFO] 06/05/2025, 06:06:40 PM | Notification saved: ADD_PRODUCT, ID: 6841ab7823b205343f9017ac
ℹ️ [INFO] 06/05/2025, 06:06:40 PM | Notification sent via WebSocket: ADD_PRODUCT
ℹ️ [INFO] 06/05/2025, 06:06:40 PM | Product created by user: superadmin@gmail.com
ℹ️ [INFO] 06/05/2025, 06:06:43 PM | Upload directories initialized successfully
ℹ️ [INFO] 06/05/2025, 06:06:43 PM | ✅ Product main image uploaded locally for superadmin@gmail.com => product-main-superadmin-68261c189793af40ff160090-20250605180643.jpeg
ℹ️ [INFO] 06/05/2025, 06:06:43 PM | Processing 1 media files for product undefined
ℹ️ [INFO] 06/05/2025, 06:06:43 PM | Generated filename: product-superadmin-68261c189793af40ff160090-20250605180643.jpeg
ℹ️ [INFO] 06/05/2025, 06:06:43 PM | Upload directories initialized successfully
ℹ️ [INFO] 06/05/2025, 06:06:43 PM | Saving file locally: /Users/devrct/Developer/Online_Shop/server/src/Uploads/product/images/product-superadmin-68261c189793af40ff160090-20250605180643.jpeg
ℹ️ [INFO] 06/05/2025, 06:06:43 PM | ✅ Product media uploaded locally for superadmin@gmail.com => /uploads/product/images/product-superadmin-68261c189793af40ff160090-20250605180643.jpeg
ℹ️ [INFO] 06/05/2025, 06:06:43 PM | Added file to uploadedFiles: samsung_a54_5g_8_ram_128_gb_android_po150740.jpg
ℹ️ [INFO] 06/05/2025, 06:06:43 PM | Successfully uploaded 1 media files
ℹ️ [INFO] 06/05/2025, 06:06:43 PM | Notification saved: ADD_PRODUCT, ID: 6841ab7b23b205343f9017bf
ℹ️ [INFO] 06/05/2025, 06:06:43 PM | Notification sent via WebSocket: ADD_PRODUCT
ℹ️ [INFO] 06/05/2025, 06:06:43 PM | Product created by user: superadmin@gmail.com
ℹ️ [INFO] 06/05/2025, 06:06:47 PM | Upload directories initialized successfully
ℹ️ [INFO] 06/05/2025, 06:06:47 PM | ✅ Product main image uploaded locally for superadmin@gmail.com => product-main-superadmin-68261c189793af40ff160090-20250605180647.png
ℹ️ [INFO] 06/05/2025, 06:06:47 PM | Processing 1 media files for product undefined
ℹ️ [INFO] 06/05/2025, 06:06:47 PM | Generated filename: product-superadmin-68261c189793af40ff160090-20250605180647.jpeg
ℹ️ [INFO] 06/05/2025, 06:06:47 PM | Upload directories initialized successfully
ℹ️ [INFO] 06/05/2025, 06:06:47 PM | Saving file locally: /Users/devrct/Developer/Online_Shop/server/src/Uploads/product/images/product-superadmin-68261c189793af40ff160090-20250605180647.jpeg
ℹ️ [INFO] 06/05/2025, 06:06:47 PM | ✅ Product media uploaded locally for superadmin@gmail.com => /uploads/product/images/product-superadmin-68261c189793af40ff160090-20250605180647.jpeg
ℹ️ [INFO] 06/05/2025, 06:06:47 PM | Added file to uploadedFiles: samsung-galaxy-z-flip5-5g-r2.jpg
ℹ️ [INFO] 06/05/2025, 06:06:47 PM | Successfully uploaded 1 media files
ℹ️ [INFO] 06/05/2025, 06:06:47 PM | Notification saved: ADD_PRODUCT, ID: 6841ab7f23b205343f9017d2
ℹ️ [INFO] 06/05/2025, 06:06:47 PM | Notification sent via WebSocket: ADD_PRODUCT
ℹ️ [INFO] 06/05/2025, 06:06:47 PM | Product created by user: superadmin@gmail.com
ℹ️ [INFO] 06/05/2025, 06:06:50 PM | Upload directories initialized successfully
ℹ️ [INFO] 06/05/2025, 06:06:50 PM | ✅ Product main image uploaded locally for superadmin@gmail.com => product-main-superadmin-68261c189793af40ff160090-20250605180650.jpeg
ℹ️ [INFO] 06/05/2025, 06:06:50 PM | Processing 1 media files for product undefined
ℹ️ [INFO] 06/05/2025, 06:06:50 PM | Generated filename: product-superadmin-68261c189793af40ff160090-20250605180650.png
ℹ️ [INFO] 06/05/2025, 06:06:50 PM | Upload directories initialized successfully
ℹ️ [INFO] 06/05/2025, 06:06:50 PM | Saving file locally: /Users/devrct/Developer/Online_Shop/server/src/Uploads/product/images/product-superadmin-68261c189793af40ff160090-20250605180650.png
ℹ️ [INFO] 06/05/2025, 06:06:50 PM | ✅ Product media uploaded locally for superadmin@gmail.com => /uploads/product/images/product-superadmin-68261c189793af40ff160090-20250605180650.png
ℹ️ [INFO] 06/05/2025, 06:06:50 PM | Added file to uploadedFiles: 7274454.png
ℹ️ [INFO] 06/05/2025, 06:06:50 PM | Successfully uploaded 1 media files
ℹ️ [INFO] 06/05/2025, 06:06:50 PM | Notification saved: ADD_PRODUCT, ID: 6841ab8223b205343f9017e5
ℹ️ [INFO] 06/05/2025, 06:06:50 PM | Notification sent via WebSocket: ADD_PRODUCT
ℹ️ [INFO] 06/05/2025, 06:06:50 PM | Product created by user: superadmin@gmail.com
ℹ️ [INFO] 06/05/2025, 06:06:52 PM | Upload directories initialized successfully
ℹ️ [INFO] 06/05/2025, 06:06:52 PM | ✅ Product main image uploaded locally for superadmin@gmail.com => product-main-superadmin-68261c189793af40ff160090-20250605180652.jpeg
ℹ️ [INFO] 06/05/2025, 06:06:52 PM | Processing 1 media files for product undefined
ℹ️ [INFO] 06/05/2025, 06:06:52 PM | Generated filename: product-superadmin-68261c189793af40ff160090-20250605180652.jpeg
ℹ️ [INFO] 06/05/2025, 06:06:52 PM | Upload directories initialized successfully
ℹ️ [INFO] 06/05/2025, 06:06:52 PM | Saving file locally: /Users/devrct/Developer/Online_Shop/server/src/Uploads/product/images/product-superadmin-68261c189793af40ff160090-20250605180652.jpeg
ℹ️ [INFO] 06/05/2025, 06:06:52 PM | ✅ Product media uploaded locally for superadmin@gmail.com => /uploads/product/images/product-superadmin-68261c189793af40ff160090-20250605180652.jpeg
ℹ️ [INFO] 06/05/2025, 06:06:52 PM | Added file to uploadedFiles: Apple-iPhone-13_06.jpg
ℹ️ [INFO] 06/05/2025, 06:06:52 PM | Successfully uploaded 1 media files
ℹ️ [INFO] 06/05/2025, 06:06:52 PM | Notification saved: ADD_PRODUCT, ID: 6841ab8423b205343f9017f8
ℹ️ [INFO] 06/05/2025, 06:06:52 PM | Notification sent via WebSocket: ADD_PRODUCT
ℹ️ [INFO] 06/05/2025, 06:06:52 PM | Product created by user: superadmin@gmail.com
ℹ️ [INFO] 06/05/2025, 06:06:55 PM | Upload directories initialized successfully
ℹ️ [INFO] 06/05/2025, 06:06:55 PM | ✅ Product main image uploaded locally for superadmin@gmail.com => product-main-superadmin-68261c189793af40ff160090-20250605180655.jpeg
ℹ️ [INFO] 06/05/2025, 06:06:55 PM | Processing 1 media files for product undefined
ℹ️ [INFO] 06/05/2025, 06:06:55 PM | Generated filename: product-superadmin-68261c189793af40ff160090-20250605180655.jpeg
ℹ️ [INFO] 06/05/2025, 06:06:55 PM | Upload directories initialized successfully
ℹ️ [INFO] 06/05/2025, 06:06:55 PM | Saving file locally: /Users/devrct/Developer/Online_Shop/server/src/Uploads/product/images/product-superadmin-68261c189793af40ff160090-20250605180655.jpeg
ℹ️ [INFO] 06/05/2025, 06:06:55 PM | ✅ Product media uploaded locally for superadmin@gmail.com => /uploads/product/images/product-superadmin-68261c189793af40ff160090-20250605180655.jpeg
ℹ️ [INFO] 06/05/2025, 06:06:55 PM | Added file to uploadedFiles: iPhone16Plus-Lineup.jpg
ℹ️ [INFO] 06/05/2025, 06:06:55 PM | Successfully uploaded 1 media files
ℹ️ [INFO] 06/05/2025, 06:06:55 PM | Notification saved: ADD_PRODUCT, ID: 6841ab8723b205343f90180b
ℹ️ [INFO] 06/05/2025, 06:06:55 PM | Notification sent via WebSocket: ADD_PRODUCT
ℹ️ [INFO] 06/05/2025, 06:06:55 PM | Product created by user: superadmin@gmail.com
ℹ️ [INFO] 06/05/2025, 06:07:06 PM | Notification saved: UPDATE_PRODUCT_SPEC, ID: 6841ab9223b205343f90181c
ℹ️ [INFO] 06/05/2025, 06:07:06 PM | Notification sent via WebSocket: UPDATE_PRODUCT_SPEC
ℹ️ [INFO] 06/05/2025, 06:07:06 PM | Product 6841ab7823b205343f9017a5 updated by user superadmin@gmail.com
ℹ️ [INFO] 06/05/2025, 06:07:15 PM | Notification saved: UPDATE_PRODUCT_SPEC, ID: 6841ab9b23b205343f90182d
ℹ️ [INFO] 06/05/2025, 06:07:15 PM | Notification sent via WebSocket: UPDATE_PRODUCT_SPEC
ℹ️ [INFO] 06/05/2025, 06:07:15 PM | Product 6841ab7b23b205343f9017b8 updated by user superadmin@gmail.com
ℹ️ [INFO] 06/05/2025, 06:07:21 PM | Notification saved: UPDATE_PRODUCT_SPEC, ID: 6841aba123b205343f90183e
ℹ️ [INFO] 06/05/2025, 06:07:21 PM | Notification sent via WebSocket: UPDATE_PRODUCT_SPEC
ℹ️ [INFO] 06/05/2025, 06:07:21 PM | Product 6841ab7f23b205343f9017cb updated by user superadmin@gmail.com
ℹ️ [INFO] 06/05/2025, 06:07:39 PM | Notification saved: UPDATE_PRODUCT_SPEC, ID: 6841abb323b205343f90184f
ℹ️ [INFO] 06/05/2025, 06:07:39 PM | Notification sent via WebSocket: UPDATE_PRODUCT_SPEC
ℹ️ [INFO] 06/05/2025, 06:07:39 PM | Product 6841ab8223b205343f9017de updated by user superadmin@gmail.com
ℹ️ [INFO] 06/05/2025, 06:07:46 PM | Notification saved: UPDATE_PRODUCT_SPEC, ID: 6841abba23b205343f901860
ℹ️ [INFO] 06/05/2025, 06:07:46 PM | Notification sent via WebSocket: UPDATE_PRODUCT_SPEC
ℹ️ [INFO] 06/05/2025, 06:07:46 PM | Product 6841ab8423b205343f9017f1 updated by user superadmin@gmail.com
ℹ️ [INFO] 06/05/2025, 06:07:52 PM | Notification saved: UPDATE_PRODUCT_SPEC, ID: 6841abc023b205343f901871
ℹ️ [INFO] 06/05/2025, 06:07:52 PM | Notification sent via WebSocket: UPDATE_PRODUCT_SPEC
ℹ️ [INFO] 06/05/2025, 06:07:52 PM | Product 6841ab8723b205343f901804 updated by user superadmin@gmail.com
ℹ️ [INFO] 06/05/2025, 06:08:01 PM | Product list retrieved by unauthenticated user
ℹ️ [INFO] 06/05/2025, 06:08:02 PM | Product list retrieved by unauthenticated user
ℹ️ [INFO] 06/05/2025, 06:08:04 PM | Product 6841ab7823b205343f9017a5
ℹ️ [INFO] 06/05/2025, 06:09:20 PM | Product 6841ab7823b205343f9017a5
ℹ️ [INFO] 06/05/2025, 06:09:21 PM | Product 6841ab7823b205343f9017a5
ℹ️ [INFO] 06/05/2025, 06:09:22 PM | Product 6841ab7823b205343f9017a5
ℹ️ [INFO] 06/05/2025, 06:09:23 PM | Product 6841ab7823b205343f9017a5
ℹ️ [INFO] 06/05/2025, 06:09:24 PM | Product 6841ab7823b205343f9017a5
ℹ️ [INFO] 06/05/2025, 06:09:25 PM | Product list retrieved by unauthenticated user
ℹ️ [INFO] 06/05/2025, 06:15:39 PM | Product 6841ab7823b205343f9017a5
ℹ️ [INFO] 06/05/2025, 06:15:42 PM | Product 6841ab7823b205343f9017a5
ℹ️ [INFO] 06/05/2025, 06:15:44 PM | Product 6841ab7823b205343f9017a5
ℹ️ [INFO] 06/05/2025, 06:20:32 PM | MongoDB connected
ℹ️ [INFO] 06/05/2025, 06:20:33 PM | All plugins registered successfully
ℹ️ [INFO] 06/05/2025, 06:20:33 PM | Middlewares configured
ℹ️ [INFO] 06/05/2025, 06:20:33 PM | Helmet security headers enabled
ℹ️ [INFO] 06/05/2025, 06:20:33 PM | Rate limiting applied (100 reqs/min)
ℹ️ [INFO] 06/05/2025, 06:20:33 PM | CORS enabled
ℹ️ [INFO] 06/05/2025, 06:20:33 PM | Security middlewares fully configured
ℹ️ [INFO] 06/05/2025, 06:20:33 PM | Interceptors configured
ℹ️ [INFO] 06/05/2025, 06:20:33 PM | Routes configured
ℹ️ [INFO] 06/05/2025, 06:20:33 PM | WebSocket server initialized
ℹ️ [INFO] 06/05/2025, 06:20:33 PM | Server running on port 8080
ℹ️ [INFO] 06/05/2025, 06:20:48 PM | Product 6841ab7823b205343f9017a5
ℹ️ [INFO] 06/05/2025, 06:20:55 PM | Product 6841ab7823b205343f9017a5
ℹ️ [INFO] 06/05/2025, 06:20:56 PM | Product 6841ab7823b205343f9017a5
ℹ️ [INFO] 06/05/2025, 06:20:57 PM | Product 6841ab7823b205343f9017a5
ℹ️ [INFO] 06/05/2025, 06:26:54 PM | Product 6841ab7823b205343f9017a5
ℹ️ [INFO] 06/05/2025, 06:42:17 PM | Product 6841ab7823b205343f9017a5
ℹ️ [INFO] 06/05/2025, 06:42:24 PM | Product 6841ab7823b205343f9017a5
ℹ️ [INFO] 06/05/2025, 09:27:40 PM | MongoDB connected
ℹ️ [INFO] 06/05/2025, 09:27:40 PM | All plugins registered successfully
ℹ️ [INFO] 06/05/2025, 09:27:40 PM | Middlewares configured
ℹ️ [INFO] 06/05/2025, 09:27:40 PM | Helmet security headers enabled
ℹ️ [INFO] 06/05/2025, 09:27:40 PM | Rate limiting applied (100 reqs/min)
ℹ️ [INFO] 06/05/2025, 09:27:40 PM | CORS enabled
ℹ️ [INFO] 06/05/2025, 09:27:40 PM | Security middlewares fully configured
ℹ️ [INFO] 06/05/2025, 09:27:40 PM | Interceptors configured
ℹ️ [INFO] 06/05/2025, 09:27:40 PM | Routes configured
ℹ️ [INFO] 06/05/2025, 09:27:40 PM | WebSocket server initialized
ℹ️ [INFO] 06/05/2025, 09:27:40 PM | Server running on port 8080
❗ [ERROR] 06/05/2025, 09:36:28 PM | Error fetching product: Product not found
❗ [ERROR] 06/05/2025, 09:36:28 PM | Error fetching product: Product not found
❗ [ERROR] 06/05/2025, 09:36:29 PM | Error fetching product: Product not found
❗ [ERROR] 06/05/2025, 09:36:29 PM | Error fetching product: Product not found
ℹ️ [INFO] 06/05/2025, 09:36:30 PM | Product list retrieved by unauthenticated user
ℹ️ [INFO] 06/05/2025, 09:36:34 PM | Product list retrieved by unauthenticated user
ℹ️ [INFO] 06/05/2025, 09:36:35 PM | Product list retrieved by unauthenticated user
ℹ️ [INFO] 06/05/2025, 09:36:36 PM | Product list retrieved by unauthenticated user
ℹ️ [INFO] 06/05/2025, 09:36:59 PM | Product list retrieved by unauthenticated user
ℹ️ [INFO] 06/05/2025, 09:37:13 PM | Product list retrieved by unauthenticated user
ℹ️ [INFO] 06/05/2025, 09:41:42 PM | Product list retrieved by unauthenticated user
ℹ️ [INFO] 06/05/2025, 09:41:49 PM | Product list retrieved by unauthenticated user
ℹ️ [INFO] 06/05/2025, 09:47:21 PM | Product list retrieved by unauthenticated user
ℹ️ [INFO] 06/05/2025, 09:48:18 PM | Product list retrieved by unauthenticated user
ℹ️ [INFO] 06/05/2025, 09:51:27 PM | Product list retrieved by unauthenticated user
ℹ️ [INFO] 06/05/2025, 09:51:36 PM | Product list retrieved by unauthenticated user
ℹ️ [INFO] 06/05/2025, 09:51:51 PM | Product list retrieved by unauthenticated user
ℹ️ [INFO] 06/05/2025, 09:52:26 PM | Product list retrieved by unauthenticated user
ℹ️ [INFO] 06/05/2025, 09:57:57 PM | Product list retrieved by unauthenticated user
ℹ️ [INFO] 06/05/2025, 10:04:03 PM | Product list retrieved by unauthenticated user
ℹ️ [INFO] 06/05/2025, 10:04:41 PM | Product list retrieved by unauthenticated user
ℹ️ [INFO] 06/05/2025, 10:05:02 PM | Product list retrieved by unauthenticated user
❗ [ERROR] 06/05/2025, 10:09:00 PM | Error fetching product: Product not found
❗ [ERROR] 06/05/2025, 10:09:00 PM | Error fetching product: Product not found
❗ [ERROR] 06/05/2025, 10:09:01 PM | Error fetching product: Product not found
❗ [ERROR] 06/05/2025, 10:09:01 PM | Error fetching product: Product not found
❗ [ERROR] 06/05/2025, 10:09:04 PM | Error fetching product: Product not found
❗ [ERROR] 06/05/2025, 10:09:04 PM | Error fetching product: Product not found
❗ [ERROR] 06/05/2025, 10:09:08 PM | Error fetching product: Product not found
❗ [ERROR] 06/05/2025, 10:09:08 PM | Error fetching product: Product not found
ℹ️ [INFO] 06/05/2025, 10:10:11 PM | Product 6841ab8223b205343f9017de
ℹ️ [INFO] 06/05/2025, 10:23:38 PM | Product 6841ab7f23b205343f9017cb
ℹ️ [INFO] 06/05/2025, 10:55:41 PM | Product 6841ab7f23b205343f9017cb
ℹ️ [INFO] 06/06/2025, 02:38:56 PM | MongoDB connected
ℹ️ [INFO] 06/06/2025, 02:38:56 PM | All plugins registered successfully
ℹ️ [INFO] 06/06/2025, 02:38:56 PM | Middlewares configured
ℹ️ [INFO] 06/06/2025, 02:38:56 PM | Helmet security headers enabled
ℹ️ [INFO] 06/06/2025, 02:38:56 PM | Rate limiting applied (100 reqs/min)
ℹ️ [INFO] 06/06/2025, 02:38:56 PM | CORS enabled
ℹ️ [INFO] 06/06/2025, 02:38:56 PM | Security middlewares fully configured
ℹ️ [INFO] 06/06/2025, 02:38:56 PM | Interceptors configured
ℹ️ [INFO] 06/06/2025, 02:38:56 PM | Routes configured
ℹ️ [INFO] 06/06/2025, 02:38:56 PM | WebSocket server initialized
ℹ️ [INFO] 06/06/2025, 02:38:56 PM | Server running on port 8080
ℹ️ [INFO] 06/06/2025, 03:21:53 PM | MongoDB connected
ℹ️ [INFO] 06/06/2025, 03:21:53 PM | All plugins registered successfully
ℹ️ [INFO] 06/06/2025, 03:21:53 PM | Middlewares configured
ℹ️ [INFO] 06/06/2025, 03:21:53 PM | Helmet security headers enabled
ℹ️ [INFO] 06/06/2025, 03:21:53 PM | Rate limiting applied (100 reqs/min)
ℹ️ [INFO] 06/06/2025, 03:21:53 PM | CORS enabled
ℹ️ [INFO] 06/06/2025, 03:21:53 PM | Security middlewares fully configured
ℹ️ [INFO] 06/06/2025, 03:21:53 PM | Interceptors configured
ℹ️ [INFO] 06/06/2025, 03:21:53 PM | Routes configured
ℹ️ [INFO] 06/06/2025, 03:21:53 PM | WebSocket server initialized
ℹ️ [INFO] 06/06/2025, 03:21:53 PM | Server running on port 8080
ℹ️ [INFO] 06/06/2025, 03:21:55 PM | MongoDB connected
ℹ️ [INFO] 06/06/2025, 03:21:55 PM | All plugins registered successfully
ℹ️ [INFO] 06/06/2025, 03:21:55 PM | Middlewares configured
ℹ️ [INFO] 06/06/2025, 03:21:55 PM | Helmet security headers enabled
ℹ️ [INFO] 06/06/2025, 03:21:55 PM | Rate limiting applied (100 reqs/min)
ℹ️ [INFO] 06/06/2025, 03:21:55 PM | CORS enabled
ℹ️ [INFO] 06/06/2025, 03:21:55 PM | Security middlewares fully configured
ℹ️ [INFO] 06/06/2025, 03:21:55 PM | Interceptors configured
ℹ️ [INFO] 06/06/2025, 03:21:55 PM | Routes configured
ℹ️ [INFO] 06/06/2025, 03:21:55 PM | WebSocket server initialized
ℹ️ [INFO] 06/06/2025, 03:21:55 PM | Server running on port 8080
ℹ️ [INFO] 06/06/2025, 03:22:06 PM | MongoDB connected
ℹ️ [INFO] 06/06/2025, 03:22:06 PM | All plugins registered successfully
ℹ️ [INFO] 06/06/2025, 03:22:06 PM | Middlewares configured
ℹ️ [INFO] 06/06/2025, 03:22:06 PM | Helmet security headers enabled
ℹ️ [INFO] 06/06/2025, 03:22:06 PM | Rate limiting applied (100 reqs/min)
ℹ️ [INFO] 06/06/2025, 03:22:06 PM | CORS enabled
ℹ️ [INFO] 06/06/2025, 03:22:06 PM | Security middlewares fully configured
ℹ️ [INFO] 06/06/2025, 03:22:06 PM | Interceptors configured
ℹ️ [INFO] 06/06/2025, 03:22:06 PM | Routes configured
ℹ️ [INFO] 06/06/2025, 03:22:07 PM | WebSocket server initialized
ℹ️ [INFO] 06/06/2025, 03:22:07 PM | Server running on port 8080
ℹ️ [INFO] 06/06/2025, 03:22:10 PM | MongoDB connected
ℹ️ [INFO] 06/06/2025, 03:22:10 PM | All plugins registered successfully
ℹ️ [INFO] 06/06/2025, 03:22:10 PM | Middlewares configured
ℹ️ [INFO] 06/06/2025, 03:22:10 PM | Helmet security headers enabled
ℹ️ [INFO] 06/06/2025, 03:22:10 PM | Rate limiting applied (100 reqs/min)
ℹ️ [INFO] 06/06/2025, 03:22:10 PM | CORS enabled
ℹ️ [INFO] 06/06/2025, 03:22:10 PM | Security middlewares fully configured
ℹ️ [INFO] 06/06/2025, 03:22:10 PM | Interceptors configured
ℹ️ [INFO] 06/06/2025, 03:22:10 PM | Routes configured
ℹ️ [INFO] 06/06/2025, 03:22:10 PM | WebSocket server initialized
ℹ️ [INFO] 06/06/2025, 03:22:11 PM | Server running on port 8080
ℹ️ [INFO] 06/06/2025, 03:22:13 PM | MongoDB connected
ℹ️ [INFO] 06/06/2025, 03:22:13 PM | All plugins registered successfully
ℹ️ [INFO] 06/06/2025, 03:22:13 PM | Middlewares configured
ℹ️ [INFO] 06/06/2025, 03:22:13 PM | Helmet security headers enabled
ℹ️ [INFO] 06/06/2025, 03:22:14 PM | Rate limiting applied (100 reqs/min)
ℹ️ [INFO] 06/06/2025, 03:22:14 PM | CORS enabled
ℹ️ [INFO] 06/06/2025, 03:22:14 PM | Security middlewares fully configured
ℹ️ [INFO] 06/06/2025, 03:22:14 PM | Interceptors configured
ℹ️ [INFO] 06/06/2025, 03:22:14 PM | Routes configured
ℹ️ [INFO] 06/06/2025, 03:22:14 PM | WebSocket server initialized
ℹ️ [INFO] 06/06/2025, 03:22:14 PM | Server running on port 8080
ℹ️ [INFO] 06/06/2025, 03:22:15 PM | MongoDB connected
ℹ️ [INFO] 06/06/2025, 03:22:15 PM | All plugins registered successfully
ℹ️ [INFO] 06/06/2025, 03:22:15 PM | Middlewares configured
ℹ️ [INFO] 06/06/2025, 03:22:15 PM | Helmet security headers enabled
ℹ️ [INFO] 06/06/2025, 03:22:15 PM | Rate limiting applied (100 reqs/min)
ℹ️ [INFO] 06/06/2025, 03:22:15 PM | CORS enabled
ℹ️ [INFO] 06/06/2025, 03:22:15 PM | Security middlewares fully configured
ℹ️ [INFO] 06/06/2025, 03:22:15 PM | Interceptors configured
ℹ️ [INFO] 06/06/2025, 03:22:15 PM | Routes configured
ℹ️ [INFO] 06/06/2025, 03:22:15 PM | WebSocket server initialized
ℹ️ [INFO] 06/06/2025, 03:22:15 PM | Server running on port 8080
ℹ️ [INFO] 06/06/2025, 03:27:49 PM | MongoDB connected
ℹ️ [INFO] 06/06/2025, 03:27:49 PM | All plugins registered successfully
ℹ️ [INFO] 06/06/2025, 03:27:49 PM | Middlewares configured
ℹ️ [INFO] 06/06/2025, 03:27:49 PM | Helmet security headers enabled
ℹ️ [INFO] 06/06/2025, 03:27:49 PM | Rate limiting applied (100 reqs/min)
ℹ️ [INFO] 06/06/2025, 03:27:49 PM | CORS enabled
ℹ️ [INFO] 06/06/2025, 03:27:49 PM | Security middlewares fully configured
ℹ️ [INFO] 06/06/2025, 03:27:49 PM | Interceptors configured
ℹ️ [INFO] 06/06/2025, 03:27:49 PM | Routes configured
ℹ️ [INFO] 06/06/2025, 03:27:49 PM | WebSocket server initialized
ℹ️ [INFO] 06/06/2025, 03:27:49 PM | Server running on port 8080
ℹ️ [INFO] 06/06/2025, 03:27:54 PM | MongoDB connected
ℹ️ [INFO] 06/06/2025, 03:27:54 PM | All plugins registered successfully
ℹ️ [INFO] 06/06/2025, 03:27:54 PM | Middlewares configured
ℹ️ [INFO] 06/06/2025, 03:27:54 PM | Helmet security headers enabled
ℹ️ [INFO] 06/06/2025, 03:27:54 PM | Rate limiting applied (100 reqs/min)
ℹ️ [INFO] 06/06/2025, 03:27:54 PM | CORS enabled
ℹ️ [INFO] 06/06/2025, 03:27:54 PM | Security middlewares fully configured
ℹ️ [INFO] 06/06/2025, 03:27:54 PM | Interceptors configured
ℹ️ [INFO] 06/06/2025, 03:27:54 PM | Routes configured
ℹ️ [INFO] 06/06/2025, 03:27:54 PM | WebSocket server initialized
ℹ️ [INFO] 06/06/2025, 03:27:54 PM | Server running on port 8080
ℹ️ [INFO] 06/06/2025, 03:27:55 PM | MongoDB connected
ℹ️ [INFO] 06/06/2025, 03:27:55 PM | All plugins registered successfully
ℹ️ [INFO] 06/06/2025, 03:27:55 PM | Middlewares configured
ℹ️ [INFO] 06/06/2025, 03:27:55 PM | Helmet security headers enabled
ℹ️ [INFO] 06/06/2025, 03:27:55 PM | Rate limiting applied (100 reqs/min)
ℹ️ [INFO] 06/06/2025, 03:27:55 PM | CORS enabled
ℹ️ [INFO] 06/06/2025, 03:27:55 PM | Security middlewares fully configured
ℹ️ [INFO] 06/06/2025, 03:27:55 PM | Interceptors configured
ℹ️ [INFO] 06/06/2025, 03:27:55 PM | Routes configured
ℹ️ [INFO] 06/06/2025, 03:27:55 PM | WebSocket server initialized
ℹ️ [INFO] 06/06/2025, 03:27:55 PM | Server running on port 8080
ℹ️ [INFO] 06/06/2025, 03:29:54 PM | MongoDB connected
ℹ️ [INFO] 06/06/2025, 03:29:54 PM | All plugins registered successfully
ℹ️ [INFO] 06/06/2025, 03:29:54 PM | Middlewares configured
ℹ️ [INFO] 06/06/2025, 03:29:54 PM | Helmet security headers enabled
ℹ️ [INFO] 06/06/2025, 03:29:54 PM | Rate limiting applied (100 reqs/min)
ℹ️ [INFO] 06/06/2025, 03:29:54 PM | CORS enabled
ℹ️ [INFO] 06/06/2025, 03:29:54 PM | Security middlewares fully configured
ℹ️ [INFO] 06/06/2025, 03:29:54 PM | Interceptors configured
ℹ️ [INFO] 06/06/2025, 03:29:54 PM | Routes configured
ℹ️ [INFO] 06/06/2025, 03:29:54 PM | WebSocket server initialized
ℹ️ [INFO] 06/06/2025, 03:29:54 PM | Server running on port 8080
ℹ️ [INFO] 06/06/2025, 03:29:56 PM | MongoDB connected
ℹ️ [INFO] 06/06/2025, 03:29:56 PM | All plugins registered successfully
ℹ️ [INFO] 06/06/2025, 03:29:56 PM | Middlewares configured
ℹ️ [INFO] 06/06/2025, 03:29:56 PM | Helmet security headers enabled
ℹ️ [INFO] 06/06/2025, 03:29:56 PM | Rate limiting applied (100 reqs/min)
ℹ️ [INFO] 06/06/2025, 03:29:56 PM | CORS enabled
ℹ️ [INFO] 06/06/2025, 03:29:56 PM | Security middlewares fully configured
ℹ️ [INFO] 06/06/2025, 03:29:56 PM | Interceptors configured
ℹ️ [INFO] 06/06/2025, 03:29:56 PM | Routes configured
ℹ️ [INFO] 06/06/2025, 03:29:56 PM | WebSocket server initialized
ℹ️ [INFO] 06/06/2025, 03:29:56 PM | Server running on port 8080
ℹ️ [INFO] 06/06/2025, 03:30:24 PM | MongoDB connected
ℹ️ [INFO] 06/06/2025, 03:30:24 PM | All plugins registered successfully
ℹ️ [INFO] 06/06/2025, 03:30:24 PM | Middlewares configured
ℹ️ [INFO] 06/06/2025, 03:30:24 PM | Helmet security headers enabled
ℹ️ [INFO] 06/06/2025, 03:30:24 PM | Rate limiting applied (100 reqs/min)
ℹ️ [INFO] 06/06/2025, 03:30:24 PM | CORS enabled
ℹ️ [INFO] 06/06/2025, 03:30:24 PM | Security middlewares fully configured
ℹ️ [INFO] 06/06/2025, 03:30:24 PM | Interceptors configured
ℹ️ [INFO] 06/06/2025, 03:30:24 PM | Routes configured
ℹ️ [INFO] 06/06/2025, 03:30:24 PM | WebSocket server initialized
ℹ️ [INFO] 06/06/2025, 03:30:24 PM | Server running on port 8080
ℹ️ [INFO] 06/06/2025, 03:30:25 PM | MongoDB connected
ℹ️ [INFO] 06/06/2025, 03:30:25 PM | All plugins registered successfully
ℹ️ [INFO] 06/06/2025, 03:30:25 PM | Middlewares configured
ℹ️ [INFO] 06/06/2025, 03:30:25 PM | Helmet security headers enabled
ℹ️ [INFO] 06/06/2025, 03:30:25 PM | Rate limiting applied (100 reqs/min)
ℹ️ [INFO] 06/06/2025, 03:30:25 PM | CORS enabled
ℹ️ [INFO] 06/06/2025, 03:30:25 PM | Security middlewares fully configured
ℹ️ [INFO] 06/06/2025, 03:30:25 PM | Interceptors configured
ℹ️ [INFO] 06/06/2025, 03:30:25 PM | Routes configured
ℹ️ [INFO] 06/06/2025, 03:30:25 PM | WebSocket server initialized
ℹ️ [INFO] 06/06/2025, 03:30:25 PM | Server running on port 8080
ℹ️ [INFO] 06/06/2025, 03:30:34 PM | MongoDB connected
ℹ️ [INFO] 06/06/2025, 03:30:34 PM | All plugins registered successfully
ℹ️ [INFO] 06/06/2025, 03:30:34 PM | Middlewares configured
ℹ️ [INFO] 06/06/2025, 03:30:34 PM | Helmet security headers enabled
ℹ️ [INFO] 06/06/2025, 03:30:34 PM | Rate limiting applied (100 reqs/min)
ℹ️ [INFO] 06/06/2025, 03:30:34 PM | CORS enabled
ℹ️ [INFO] 06/06/2025, 03:30:34 PM | Security middlewares fully configured
ℹ️ [INFO] 06/06/2025, 03:30:34 PM | Interceptors configured
ℹ️ [INFO] 06/06/2025, 03:30:34 PM | Routes configured
ℹ️ [INFO] 06/06/2025, 03:30:34 PM | WebSocket server initialized
ℹ️ [INFO] 06/06/2025, 03:30:34 PM | Server running on port 8080
ℹ️ [INFO] 06/06/2025, 03:35:59 PM | MongoDB connected
ℹ️ [INFO] 06/06/2025, 03:35:59 PM | All plugins registered successfully
ℹ️ [INFO] 06/06/2025, 03:35:59 PM | Middlewares configured
ℹ️ [INFO] 06/06/2025, 03:35:59 PM | Helmet security headers enabled
ℹ️ [INFO] 06/06/2025, 03:35:59 PM | Rate limiting applied (100 reqs/min)
ℹ️ [INFO] 06/06/2025, 03:35:59 PM | CORS enabled
ℹ️ [INFO] 06/06/2025, 03:35:59 PM | Security middlewares fully configured
ℹ️ [INFO] 06/06/2025, 03:35:59 PM | Interceptors configured
ℹ️ [INFO] 06/06/2025, 03:35:59 PM | Routes configured
ℹ️ [INFO] 06/06/2025, 03:35:59 PM | WebSocket server initialized
ℹ️ [INFO] 06/06/2025, 03:35:59 PM | Server running on port 8080
ℹ️ [INFO] 06/06/2025, 03:36:06 PM | MongoDB connected
ℹ️ [INFO] 06/06/2025, 03:36:06 PM | All plugins registered successfully
ℹ️ [INFO] 06/06/2025, 03:36:06 PM | Middlewares configured
ℹ️ [INFO] 06/06/2025, 03:36:06 PM | Helmet security headers enabled
ℹ️ [INFO] 06/06/2025, 03:36:06 PM | Rate limiting applied (100 reqs/min)
ℹ️ [INFO] 06/06/2025, 03:36:06 PM | CORS enabled
ℹ️ [INFO] 06/06/2025, 03:36:06 PM | Security middlewares fully configured
ℹ️ [INFO] 06/06/2025, 03:36:06 PM | Interceptors configured
ℹ️ [INFO] 06/06/2025, 03:36:06 PM | Routes configured
ℹ️ [INFO] 06/06/2025, 03:36:06 PM | WebSocket server initialized
ℹ️ [INFO] 06/06/2025, 03:36:06 PM | Server running on port 8080
ℹ️ [INFO] 06/06/2025, 03:36:07 PM | MongoDB connected
ℹ️ [INFO] 06/06/2025, 03:36:07 PM | All plugins registered successfully
ℹ️ [INFO] 06/06/2025, 03:36:07 PM | Middlewares configured
ℹ️ [INFO] 06/06/2025, 03:36:07 PM | Helmet security headers enabled
ℹ️ [INFO] 06/06/2025, 03:36:07 PM | Rate limiting applied (100 reqs/min)
ℹ️ [INFO] 06/06/2025, 03:36:07 PM | CORS enabled
ℹ️ [INFO] 06/06/2025, 03:36:07 PM | Security middlewares fully configured
ℹ️ [INFO] 06/06/2025, 03:36:07 PM | Interceptors configured
ℹ️ [INFO] 06/06/2025, 03:36:07 PM | Routes configured
ℹ️ [INFO] 06/06/2025, 03:36:07 PM | WebSocket server initialized
ℹ️ [INFO] 06/06/2025, 03:36:08 PM | Server running on port 8080
ℹ️ [INFO] 06/06/2025, 03:36:22 PM | MongoDB connected
ℹ️ [INFO] 06/06/2025, 03:36:22 PM | All plugins registered successfully
ℹ️ [INFO] 06/06/2025, 03:36:22 PM | Middlewares configured
ℹ️ [INFO] 06/06/2025, 03:36:22 PM | Helmet security headers enabled
ℹ️ [INFO] 06/06/2025, 03:36:22 PM | Rate limiting applied (100 reqs/min)
ℹ️ [INFO] 06/06/2025, 03:36:22 PM | CORS enabled
ℹ️ [INFO] 06/06/2025, 03:36:22 PM | Security middlewares fully configured
ℹ️ [INFO] 06/06/2025, 03:36:22 PM | Interceptors configured
ℹ️ [INFO] 06/06/2025, 03:36:22 PM | Routes configured
ℹ️ [INFO] 06/06/2025, 03:36:22 PM | WebSocket server initialized
ℹ️ [INFO] 06/06/2025, 03:36:22 PM | Server running on port 8080
ℹ️ [INFO] 06/06/2025, 03:36:30 PM | MongoDB connected
ℹ️ [INFO] 06/06/2025, 03:36:30 PM | All plugins registered successfully
ℹ️ [INFO] 06/06/2025, 03:36:30 PM | Middlewares configured
ℹ️ [INFO] 06/06/2025, 03:36:30 PM | Helmet security headers enabled
ℹ️ [INFO] 06/06/2025, 03:36:30 PM | Rate limiting applied (100 reqs/min)
ℹ️ [INFO] 06/06/2025, 03:36:30 PM | CORS enabled
ℹ️ [INFO] 06/06/2025, 03:36:30 PM | Security middlewares fully configured
ℹ️ [INFO] 06/06/2025, 03:36:30 PM | Interceptors configured
ℹ️ [INFO] 06/06/2025, 03:36:30 PM | Routes configured
ℹ️ [INFO] 06/06/2025, 03:36:30 PM | WebSocket server initialized
ℹ️ [INFO] 06/06/2025, 03:36:30 PM | Server running on port 8080
ℹ️ [INFO] 06/06/2025, 03:36:31 PM | MongoDB connected
ℹ️ [INFO] 06/06/2025, 03:36:31 PM | All plugins registered successfully
ℹ️ [INFO] 06/06/2025, 03:36:31 PM | Middlewares configured
ℹ️ [INFO] 06/06/2025, 03:36:31 PM | Helmet security headers enabled
ℹ️ [INFO] 06/06/2025, 03:36:31 PM | Rate limiting applied (100 reqs/min)
ℹ️ [INFO] 06/06/2025, 03:36:31 PM | CORS enabled
ℹ️ [INFO] 06/06/2025, 03:36:31 PM | Security middlewares fully configured
ℹ️ [INFO] 06/06/2025, 03:36:31 PM | Interceptors configured
ℹ️ [INFO] 06/06/2025, 03:36:31 PM | Routes configured
ℹ️ [INFO] 06/06/2025, 03:36:31 PM | WebSocket server initialized
ℹ️ [INFO] 06/06/2025, 03:36:31 PM | Server running on port 8080
ℹ️ [INFO] 06/06/2025, 03:36:57 PM | MongoDB connected
ℹ️ [INFO] 06/06/2025, 03:36:57 PM | All plugins registered successfully
ℹ️ [INFO] 06/06/2025, 03:36:57 PM | Middlewares configured
ℹ️ [INFO] 06/06/2025, 03:36:57 PM | Helmet security headers enabled
ℹ️ [INFO] 06/06/2025, 03:36:57 PM | Rate limiting applied (100 reqs/min)
ℹ️ [INFO] 06/06/2025, 03:36:57 PM | CORS enabled
ℹ️ [INFO] 06/06/2025, 03:36:57 PM | Security middlewares fully configured
ℹ️ [INFO] 06/06/2025, 03:36:57 PM | Interceptors configured
ℹ️ [INFO] 06/06/2025, 03:36:57 PM | Routes configured
ℹ️ [INFO] 06/06/2025, 03:36:57 PM | WebSocket server initialized
ℹ️ [INFO] 06/06/2025, 03:36:58 PM | Server running on port 8080
ℹ️ [INFO] 06/06/2025, 03:37:06 PM | MongoDB connected
ℹ️ [INFO] 06/06/2025, 03:37:06 PM | All plugins registered successfully
ℹ️ [INFO] 06/06/2025, 03:37:06 PM | Middlewares configured
ℹ️ [INFO] 06/06/2025, 03:37:06 PM | Helmet security headers enabled
ℹ️ [INFO] 06/06/2025, 03:37:06 PM | Rate limiting applied (100 reqs/min)
ℹ️ [INFO] 06/06/2025, 03:37:06 PM | CORS enabled
ℹ️ [INFO] 06/06/2025, 03:37:06 PM | Security middlewares fully configured
ℹ️ [INFO] 06/06/2025, 03:37:06 PM | Interceptors configured
ℹ️ [INFO] 06/06/2025, 03:37:06 PM | Routes configured
ℹ️ [INFO] 06/06/2025, 03:37:06 PM | WebSocket server initialized
ℹ️ [INFO] 06/06/2025, 03:37:06 PM | Server running on port 8080
ℹ️ [INFO] 06/06/2025, 03:37:07 PM | MongoDB connected
ℹ️ [INFO] 06/06/2025, 03:37:07 PM | All plugins registered successfully
ℹ️ [INFO] 06/06/2025, 03:37:07 PM | Middlewares configured
ℹ️ [INFO] 06/06/2025, 03:37:07 PM | Helmet security headers enabled
ℹ️ [INFO] 06/06/2025, 03:37:07 PM | Rate limiting applied (100 reqs/min)
ℹ️ [INFO] 06/06/2025, 03:37:07 PM | CORS enabled
ℹ️ [INFO] 06/06/2025, 03:37:07 PM | Security middlewares fully configured
ℹ️ [INFO] 06/06/2025, 03:37:07 PM | Interceptors configured
ℹ️ [INFO] 06/06/2025, 03:37:07 PM | Routes configured
ℹ️ [INFO] 06/06/2025, 03:37:07 PM | WebSocket server initialized
ℹ️ [INFO] 06/06/2025, 03:37:07 PM | Server running on port 8080
ℹ️ [INFO] 06/06/2025, 03:38:45 PM | MongoDB connected
ℹ️ [INFO] 06/06/2025, 03:38:45 PM | All plugins registered successfully
ℹ️ [INFO] 06/06/2025, 03:38:45 PM | Middlewares configured
ℹ️ [INFO] 06/06/2025, 03:38:45 PM | Helmet security headers enabled
ℹ️ [INFO] 06/06/2025, 03:38:45 PM | Rate limiting applied (100 reqs/min)
ℹ️ [INFO] 06/06/2025, 03:38:45 PM | CORS enabled
ℹ️ [INFO] 06/06/2025, 03:38:45 PM | Security middlewares fully configured
ℹ️ [INFO] 06/06/2025, 03:38:45 PM | Interceptors configured
ℹ️ [INFO] 06/06/2025, 03:38:45 PM | Routes configured
ℹ️ [INFO] 06/06/2025, 03:38:45 PM | WebSocket server initialized
ℹ️ [INFO] 06/06/2025, 03:38:45 PM | Server running on port 8080
ℹ️ [INFO] 06/06/2025, 03:38:46 PM | MongoDB connected
ℹ️ [INFO] 06/06/2025, 03:38:46 PM | All plugins registered successfully
ℹ️ [INFO] 06/06/2025, 03:38:46 PM | Middlewares configured
ℹ️ [INFO] 06/06/2025, 03:38:46 PM | Helmet security headers enabled
ℹ️ [INFO] 06/06/2025, 03:38:46 PM | Rate limiting applied (100 reqs/min)
ℹ️ [INFO] 06/06/2025, 03:38:46 PM | CORS enabled
ℹ️ [INFO] 06/06/2025, 03:38:46 PM | Security middlewares fully configured
ℹ️ [INFO] 06/06/2025, 03:38:46 PM | Interceptors configured
ℹ️ [INFO] 06/06/2025, 03:38:46 PM | Routes configured
ℹ️ [INFO] 06/06/2025, 03:38:46 PM | WebSocket server initialized
ℹ️ [INFO] 06/06/2025, 03:38:46 PM | Server running on port 8080
ℹ️ [INFO] 06/06/2025, 03:38:47 PM | MongoDB connected
ℹ️ [INFO] 06/06/2025, 03:38:47 PM | All plugins registered successfully
ℹ️ [INFO] 06/06/2025, 03:38:47 PM | Middlewares configured
ℹ️ [INFO] 06/06/2025, 03:38:47 PM | Helmet security headers enabled
ℹ️ [INFO] 06/06/2025, 03:38:47 PM | Rate limiting applied (100 reqs/min)
ℹ️ [INFO] 06/06/2025, 03:38:47 PM | CORS enabled
ℹ️ [INFO] 06/06/2025, 03:38:47 PM | Security middlewares fully configured
ℹ️ [INFO] 06/06/2025, 03:38:47 PM | Interceptors configured
ℹ️ [INFO] 06/06/2025, 03:38:47 PM | Routes configured
ℹ️ [INFO] 06/06/2025, 03:38:47 PM | WebSocket server initialized
ℹ️ [INFO] 06/06/2025, 03:38:47 PM | Server running on port 8080
ℹ️ [INFO] 06/06/2025, 03:39:22 PM | MongoDB connected
ℹ️ [INFO] 06/06/2025, 03:39:22 PM | All plugins registered successfully
ℹ️ [INFO] 06/06/2025, 03:39:23 PM | MongoDB connected
ℹ️ [INFO] 06/06/2025, 03:39:23 PM | All plugins registered successfully
ℹ️ [INFO] 06/06/2025, 03:39:27 PM | MongoDB connected
ℹ️ [INFO] 06/06/2025, 03:39:28 PM | All plugins registered successfully
ℹ️ [INFO] 06/06/2025, 03:39:28 PM | Middlewares configured
ℹ️ [INFO] 06/06/2025, 03:39:28 PM | Helmet security headers enabled
ℹ️ [INFO] 06/06/2025, 03:39:28 PM | Rate limiting applied (100 reqs/min)
ℹ️ [INFO] 06/06/2025, 03:39:28 PM | CORS enabled
ℹ️ [INFO] 06/06/2025, 03:39:28 PM | Security middlewares fully configured
ℹ️ [INFO] 06/06/2025, 03:39:28 PM | Interceptors configured
ℹ️ [INFO] 06/06/2025, 03:39:28 PM | Routes configured
ℹ️ [INFO] 06/06/2025, 03:39:28 PM | WebSocket server initialized
ℹ️ [INFO] 06/06/2025, 03:39:28 PM | Server running on port 8080
ℹ️ [INFO] 06/06/2025, 03:39:29 PM | MongoDB connected
ℹ️ [INFO] 06/06/2025, 03:39:29 PM | All plugins registered successfully
ℹ️ [INFO] 06/06/2025, 03:39:29 PM | Middlewares configured
ℹ️ [INFO] 06/06/2025, 03:39:29 PM | Helmet security headers enabled
ℹ️ [INFO] 06/06/2025, 03:39:29 PM | Rate limiting applied (100 reqs/min)
ℹ️ [INFO] 06/06/2025, 03:39:29 PM | CORS enabled
ℹ️ [INFO] 06/06/2025, 03:39:29 PM | Security middlewares fully configured
ℹ️ [INFO] 06/06/2025, 03:39:29 PM | Interceptors configured
ℹ️ [INFO] 06/06/2025, 03:39:29 PM | Routes configured
ℹ️ [INFO] 06/06/2025, 03:39:29 PM | WebSocket server initialized
ℹ️ [INFO] 06/06/2025, 03:39:29 PM | Server running on port 8080
ℹ️ [INFO] 06/06/2025, 03:39:33 PM | MongoDB connected
ℹ️ [INFO] 06/06/2025, 03:39:34 PM | All plugins registered successfully
ℹ️ [INFO] 06/06/2025, 03:39:34 PM | Middlewares configured
ℹ️ [INFO] 06/06/2025, 03:39:34 PM | Helmet security headers enabled
ℹ️ [INFO] 06/06/2025, 03:39:34 PM | Rate limiting applied (100 reqs/min)
ℹ️ [INFO] 06/06/2025, 03:39:34 PM | CORS enabled
ℹ️ [INFO] 06/06/2025, 03:39:34 PM | Security middlewares fully configured
ℹ️ [INFO] 06/06/2025, 03:39:34 PM | Interceptors configured
ℹ️ [INFO] 06/06/2025, 03:39:34 PM | Routes configured
ℹ️ [INFO] 06/06/2025, 03:39:34 PM | WebSocket server initialized
ℹ️ [INFO] 06/06/2025, 03:39:34 PM | Server running on port 8080
ℹ️ [INFO] 06/06/2025, 03:39:34 PM | MongoDB connected
ℹ️ [INFO] 06/06/2025, 03:39:34 PM | All plugins registered successfully
ℹ️ [INFO] 06/06/2025, 03:39:34 PM | Middlewares configured
ℹ️ [INFO] 06/06/2025, 03:39:34 PM | Helmet security headers enabled
ℹ️ [INFO] 06/06/2025, 03:39:34 PM | Rate limiting applied (100 reqs/min)
ℹ️ [INFO] 06/06/2025, 03:39:34 PM | CORS enabled
ℹ️ [INFO] 06/06/2025, 03:39:34 PM | Security middlewares fully configured
ℹ️ [INFO] 06/06/2025, 03:39:34 PM | Interceptors configured
ℹ️ [INFO] 06/06/2025, 03:39:34 PM | Routes configured
ℹ️ [INFO] 06/06/2025, 03:39:34 PM | WebSocket server initialized
ℹ️ [INFO] 06/06/2025, 03:39:34 PM | Server running on port 8080
ℹ️ [INFO] 06/06/2025, 03:39:47 PM | MongoDB connected
ℹ️ [INFO] 06/06/2025, 03:39:47 PM | All plugins registered successfully
ℹ️ [INFO] 06/06/2025, 03:39:47 PM | Middlewares configured
ℹ️ [INFO] 06/06/2025, 03:39:47 PM | Helmet security headers enabled
ℹ️ [INFO] 06/06/2025, 03:39:47 PM | Rate limiting applied (100 reqs/min)
ℹ️ [INFO] 06/06/2025, 03:39:47 PM | CORS enabled
ℹ️ [INFO] 06/06/2025, 03:39:47 PM | Security middlewares fully configured
ℹ️ [INFO] 06/06/2025, 03:39:47 PM | Interceptors configured
ℹ️ [INFO] 06/06/2025, 03:39:47 PM | Routes configured
ℹ️ [INFO] 06/06/2025, 03:39:47 PM | WebSocket server initialized
ℹ️ [INFO] 06/06/2025, 03:39:47 PM | Server running on port 8080
ℹ️ [INFO] 06/06/2025, 03:39:48 PM | MongoDB connected
ℹ️ [INFO] 06/06/2025, 03:39:48 PM | All plugins registered successfully
ℹ️ [INFO] 06/06/2025, 03:39:48 PM | Middlewares configured
ℹ️ [INFO] 06/06/2025, 03:39:48 PM | Helmet security headers enabled
ℹ️ [INFO] 06/06/2025, 03:39:48 PM | Rate limiting applied (100 reqs/min)
ℹ️ [INFO] 06/06/2025, 03:39:48 PM | CORS enabled
ℹ️ [INFO] 06/06/2025, 03:39:48 PM | Security middlewares fully configured
ℹ️ [INFO] 06/06/2025, 03:39:48 PM | Interceptors configured
ℹ️ [INFO] 06/06/2025, 03:39:48 PM | Routes configured
ℹ️ [INFO] 06/06/2025, 03:39:48 PM | WebSocket server initialized
ℹ️ [INFO] 06/06/2025, 03:39:48 PM | Server running on port 8080
ℹ️ [INFO] 06/06/2025, 03:39:51 PM | MongoDB connected
ℹ️ [INFO] 06/06/2025, 03:39:51 PM | All plugins registered successfully
ℹ️ [INFO] 06/06/2025, 03:39:51 PM | Middlewares configured
ℹ️ [INFO] 06/06/2025, 03:39:51 PM | Helmet security headers enabled
ℹ️ [INFO] 06/06/2025, 03:39:51 PM | Rate limiting applied (100 reqs/min)
ℹ️ [INFO] 06/06/2025, 03:39:51 PM | CORS enabled
ℹ️ [INFO] 06/06/2025, 03:39:51 PM | Security middlewares fully configured
ℹ️ [INFO] 06/06/2025, 03:39:51 PM | Interceptors configured
ℹ️ [INFO] 06/06/2025, 03:39:51 PM | Routes configured
ℹ️ [INFO] 06/06/2025, 03:39:51 PM | WebSocket server initialized
ℹ️ [INFO] 06/06/2025, 03:39:51 PM | Server running on port 8080
ℹ️ [INFO] 06/06/2025, 03:39:55 PM | MongoDB connected
ℹ️ [INFO] 06/06/2025, 03:39:55 PM | All plugins registered successfully
ℹ️ [INFO] 06/06/2025, 03:40:12 PM | MongoDB connected
ℹ️ [INFO] 06/06/2025, 03:40:12 PM | All plugins registered successfully
ℹ️ [INFO] 06/06/2025, 03:40:12 PM | Middlewares configured
ℹ️ [INFO] 06/06/2025, 03:40:12 PM | Helmet security headers enabled
ℹ️ [INFO] 06/06/2025, 03:40:12 PM | Rate limiting applied (100 reqs/min)
ℹ️ [INFO] 06/06/2025, 03:40:12 PM | CORS enabled
ℹ️ [INFO] 06/06/2025, 03:40:12 PM | Security middlewares fully configured
ℹ️ [INFO] 06/06/2025, 03:40:12 PM | Interceptors configured
ℹ️ [INFO] 06/06/2025, 03:40:12 PM | Routes configured
ℹ️ [INFO] 06/06/2025, 03:40:12 PM | WebSocket server initialized
ℹ️ [INFO] 06/06/2025, 03:40:12 PM | Server running on port 8080
ℹ️ [INFO] 06/06/2025, 03:40:21 PM | MongoDB connected
ℹ️ [INFO] 06/06/2025, 03:40:21 PM | All plugins registered successfully
ℹ️ [INFO] 06/06/2025, 03:40:21 PM | Middlewares configured
ℹ️ [INFO] 06/06/2025, 03:40:21 PM | Helmet security headers enabled
ℹ️ [INFO] 06/06/2025, 03:40:21 PM | Rate limiting applied (100 reqs/min)
ℹ️ [INFO] 06/06/2025, 03:40:21 PM | CORS enabled
ℹ️ [INFO] 06/06/2025, 03:40:21 PM | Security middlewares fully configured
ℹ️ [INFO] 06/06/2025, 03:40:21 PM | Interceptors configured
ℹ️ [INFO] 06/06/2025, 03:40:21 PM | Routes configured
ℹ️ [INFO] 06/06/2025, 03:40:21 PM | WebSocket server initialized
ℹ️ [INFO] 06/06/2025, 03:40:21 PM | Server running on port 8080
ℹ️ [INFO] 06/06/2025, 03:45:42 PM | MongoDB connected
ℹ️ [INFO] 06/06/2025, 03:45:42 PM | All plugins registered successfully
ℹ️ [INFO] 06/06/2025, 03:45:42 PM | Middlewares configured
ℹ️ [INFO] 06/06/2025, 03:45:42 PM | Helmet security headers enabled
ℹ️ [INFO] 06/06/2025, 03:45:42 PM | Rate limiting applied (100 reqs/min)
ℹ️ [INFO] 06/06/2025, 03:45:42 PM | CORS enabled
ℹ️ [INFO] 06/06/2025, 03:45:42 PM | Security middlewares fully configured
ℹ️ [INFO] 06/06/2025, 03:45:42 PM | Interceptors configured
ℹ️ [INFO] 06/06/2025, 03:45:42 PM | Routes configured
ℹ️ [INFO] 06/06/2025, 03:45:42 PM | WebSocket server initialized
ℹ️ [INFO] 06/06/2025, 03:45:42 PM | Server running on port 8080
ℹ️ [INFO] 06/06/2025, 03:45:43 PM | MongoDB connected
ℹ️ [INFO] 06/06/2025, 03:45:43 PM | All plugins registered successfully
ℹ️ [INFO] 06/06/2025, 03:45:43 PM | Middlewares configured
ℹ️ [INFO] 06/06/2025, 03:45:43 PM | Helmet security headers enabled
ℹ️ [INFO] 06/06/2025, 03:45:43 PM | Rate limiting applied (100 reqs/min)
ℹ️ [INFO] 06/06/2025, 03:45:43 PM | CORS enabled
ℹ️ [INFO] 06/06/2025, 03:45:43 PM | Security middlewares fully configured
ℹ️ [INFO] 06/06/2025, 03:45:43 PM | Interceptors configured
ℹ️ [INFO] 06/06/2025, 03:45:43 PM | Routes configured
ℹ️ [INFO] 06/06/2025, 03:45:43 PM | WebSocket server initialized
ℹ️ [INFO] 06/06/2025, 03:45:43 PM | Server running on port 8080
ℹ️ [INFO] 06/06/2025, 03:47:02 PM | MongoDB connected
ℹ️ [INFO] 06/06/2025, 03:47:02 PM | All plugins registered successfully
ℹ️ [INFO] 06/06/2025, 03:47:02 PM | Middlewares configured
ℹ️ [INFO] 06/06/2025, 03:47:02 PM | Helmet security headers enabled
ℹ️ [INFO] 06/06/2025, 03:47:02 PM | Rate limiting applied (100 reqs/min)
ℹ️ [INFO] 06/06/2025, 03:47:02 PM | CORS enabled
ℹ️ [INFO] 06/06/2025, 03:47:02 PM | Security middlewares fully configured
ℹ️ [INFO] 06/06/2025, 03:47:02 PM | Interceptors configured
ℹ️ [INFO] 06/06/2025, 03:47:02 PM | Routes configured
ℹ️ [INFO] 06/06/2025, 03:47:02 PM | WebSocket server initialized
ℹ️ [INFO] 06/06/2025, 03:47:02 PM | Server running on port 8080
ℹ️ [INFO] 06/06/2025, 03:47:04 PM | MongoDB connected
ℹ️ [INFO] 06/06/2025, 03:47:04 PM | All plugins registered successfully
ℹ️ [INFO] 06/06/2025, 03:47:04 PM | Middlewares configured
ℹ️ [INFO] 06/06/2025, 03:47:04 PM | Helmet security headers enabled
ℹ️ [INFO] 06/06/2025, 03:47:04 PM | Rate limiting applied (100 reqs/min)
ℹ️ [INFO] 06/06/2025, 03:47:04 PM | CORS enabled
ℹ️ [INFO] 06/06/2025, 03:47:04 PM | Security middlewares fully configured
ℹ️ [INFO] 06/06/2025, 03:47:04 PM | Interceptors configured
ℹ️ [INFO] 06/06/2025, 03:47:04 PM | Routes configured
ℹ️ [INFO] 06/06/2025, 03:47:04 PM | WebSocket server initialized
ℹ️ [INFO] 06/06/2025, 03:47:04 PM | Server running on port 8080
ℹ️ [INFO] 06/06/2025, 03:48:47 PM | MongoDB connected
ℹ️ [INFO] 06/06/2025, 03:48:47 PM | All plugins registered successfully
ℹ️ [INFO] 06/06/2025, 03:48:47 PM | Middlewares configured
ℹ️ [INFO] 06/06/2025, 03:48:47 PM | Helmet security headers enabled
ℹ️ [INFO] 06/06/2025, 03:48:47 PM | Rate limiting applied (100 reqs/min)
ℹ️ [INFO] 06/06/2025, 03:48:47 PM | CORS enabled
ℹ️ [INFO] 06/06/2025, 03:48:47 PM | Security middlewares fully configured
ℹ️ [INFO] 06/06/2025, 03:48:47 PM | Interceptors configured
ℹ️ [INFO] 06/06/2025, 03:48:47 PM | Routes configured
ℹ️ [INFO] 06/06/2025, 03:48:47 PM | WebSocket server initialized
ℹ️ [INFO] 06/06/2025, 03:48:47 PM | Server running on port 8080
ℹ️ [INFO] 06/06/2025, 03:48:47 PM | MongoDB connected
ℹ️ [INFO] 06/06/2025, 03:48:48 PM | All plugins registered successfully
ℹ️ [INFO] 06/06/2025, 03:48:48 PM | Middlewares configured
ℹ️ [INFO] 06/06/2025, 03:48:48 PM | Helmet security headers enabled
ℹ️ [INFO] 06/06/2025, 03:48:48 PM | Rate limiting applied (100 reqs/min)
ℹ️ [INFO] 06/06/2025, 03:48:48 PM | CORS enabled
ℹ️ [INFO] 06/06/2025, 03:48:48 PM | Security middlewares fully configured
ℹ️ [INFO] 06/06/2025, 03:48:48 PM | Interceptors configured
ℹ️ [INFO] 06/06/2025, 03:48:48 PM | Routes configured
ℹ️ [INFO] 06/06/2025, 03:48:48 PM | WebSocket server initialized
ℹ️ [INFO] 06/06/2025, 03:48:48 PM | Server running on port 8080
ℹ️ [INFO] 06/06/2025, 03:48:50 PM | MongoDB connected
ℹ️ [INFO] 06/06/2025, 03:48:50 PM | All plugins registered successfully
ℹ️ [INFO] 06/06/2025, 03:48:50 PM | Middlewares configured
ℹ️ [INFO] 06/06/2025, 03:48:50 PM | Helmet security headers enabled
ℹ️ [INFO] 06/06/2025, 03:48:50 PM | Rate limiting applied (100 reqs/min)
ℹ️ [INFO] 06/06/2025, 03:48:50 PM | CORS enabled
ℹ️ [INFO] 06/06/2025, 03:48:50 PM | Security middlewares fully configured
ℹ️ [INFO] 06/06/2025, 03:48:50 PM | Interceptors configured
ℹ️ [INFO] 06/06/2025, 03:48:50 PM | Routes configured
ℹ️ [INFO] 06/06/2025, 03:48:50 PM | WebSocket server initialized
ℹ️ [INFO] 06/06/2025, 03:48:50 PM | Server running on port 8080
ℹ️ [INFO] 06/06/2025, 03:52:15 PM | MongoDB connected
ℹ️ [INFO] 06/06/2025, 03:52:15 PM | All plugins registered successfully
ℹ️ [INFO] 06/06/2025, 03:52:15 PM | Middlewares configured
ℹ️ [INFO] 06/06/2025, 03:52:15 PM | Helmet security headers enabled
ℹ️ [INFO] 06/06/2025, 03:52:15 PM | Rate limiting applied (100 reqs/min)
ℹ️ [INFO] 06/06/2025, 03:52:15 PM | CORS enabled
ℹ️ [INFO] 06/06/2025, 03:52:15 PM | Security middlewares fully configured
ℹ️ [INFO] 06/06/2025, 03:52:15 PM | Interceptors configured
ℹ️ [INFO] 06/06/2025, 03:52:15 PM | Routes configured
ℹ️ [INFO] 06/06/2025, 03:52:15 PM | WebSocket server initialized
ℹ️ [INFO] 06/06/2025, 03:52:15 PM | Server running on port 8080
ℹ️ [INFO] 06/06/2025, 03:52:17 PM | MongoDB connected
ℹ️ [INFO] 06/06/2025, 03:52:17 PM | All plugins registered successfully
ℹ️ [INFO] 06/06/2025, 03:52:17 PM | Middlewares configured
ℹ️ [INFO] 06/06/2025, 03:52:17 PM | Helmet security headers enabled
ℹ️ [INFO] 06/06/2025, 03:52:17 PM | Rate limiting applied (100 reqs/min)
ℹ️ [INFO] 06/06/2025, 03:52:17 PM | CORS enabled
ℹ️ [INFO] 06/06/2025, 03:52:17 PM | Security middlewares fully configured
ℹ️ [INFO] 06/06/2025, 03:52:17 PM | Interceptors configured
ℹ️ [INFO] 06/06/2025, 03:52:17 PM | Routes configured
ℹ️ [INFO] 06/06/2025, 03:52:17 PM | WebSocket server initialized
ℹ️ [INFO] 06/06/2025, 03:52:17 PM | Server running on port 8080
ℹ️ [INFO] 06/06/2025, 03:55:13 PM | MongoDB connected
ℹ️ [INFO] 06/06/2025, 03:55:13 PM | All plugins registered successfully
ℹ️ [INFO] 06/06/2025, 03:55:13 PM | Middlewares configured
ℹ️ [INFO] 06/06/2025, 03:55:13 PM | Helmet security headers enabled
ℹ️ [INFO] 06/06/2025, 03:55:13 PM | Rate limiting applied (100 reqs/min)
ℹ️ [INFO] 06/06/2025, 03:55:13 PM | CORS enabled
ℹ️ [INFO] 06/06/2025, 03:55:13 PM | Security middlewares fully configured
ℹ️ [INFO] 06/06/2025, 03:55:13 PM | Interceptors configured
ℹ️ [INFO] 06/06/2025, 03:55:13 PM | Routes configured
ℹ️ [INFO] 06/06/2025, 03:55:13 PM | WebSocket server initialized
ℹ️ [INFO] 06/06/2025, 03:55:13 PM | Server running on port 8080
ℹ️ [INFO] 06/06/2025, 04:00:26 PM | MongoDB connected
ℹ️ [INFO] 06/06/2025, 04:00:26 PM | All plugins registered successfully
ℹ️ [INFO] 06/06/2025, 04:00:26 PM | Middlewares configured
ℹ️ [INFO] 06/06/2025, 04:00:26 PM | Helmet security headers enabled
ℹ️ [INFO] 06/06/2025, 04:00:26 PM | Rate limiting applied (100 reqs/min)
ℹ️ [INFO] 06/06/2025, 04:00:26 PM | CORS enabled
ℹ️ [INFO] 06/06/2025, 04:00:26 PM | Security middlewares fully configured
ℹ️ [INFO] 06/06/2025, 04:00:26 PM | Interceptors configured
ℹ️ [INFO] 06/06/2025, 04:00:26 PM | Routes configured
ℹ️ [INFO] 06/06/2025, 04:00:26 PM | WebSocket server initialized
ℹ️ [INFO] 06/06/2025, 04:00:26 PM | Server running on port 8080
ℹ️ [INFO] 06/06/2025, 04:00:30 PM | MongoDB connected
ℹ️ [INFO] 06/06/2025, 04:00:30 PM | All plugins registered successfully
ℹ️ [INFO] 06/06/2025, 04:00:30 PM | Middlewares configured
ℹ️ [INFO] 06/06/2025, 04:00:30 PM | Helmet security headers enabled
ℹ️ [INFO] 06/06/2025, 04:00:30 PM | Rate limiting applied (100 reqs/min)
ℹ️ [INFO] 06/06/2025, 04:00:30 PM | CORS enabled
ℹ️ [INFO] 06/06/2025, 04:00:30 PM | Security middlewares fully configured
ℹ️ [INFO] 06/06/2025, 04:00:30 PM | Interceptors configured
ℹ️ [INFO] 06/06/2025, 04:00:30 PM | Routes configured
ℹ️ [INFO] 06/06/2025, 04:00:30 PM | WebSocket server initialized
ℹ️ [INFO] 06/06/2025, 04:00:30 PM | Server running on port 8080
ℹ️ [INFO] 06/06/2025, 04:00:31 PM | MongoDB connected
ℹ️ [INFO] 06/06/2025, 04:00:31 PM | All plugins registered successfully
ℹ️ [INFO] 06/06/2025, 04:00:31 PM | Middlewares configured
ℹ️ [INFO] 06/06/2025, 04:00:31 PM | Helmet security headers enabled
ℹ️ [INFO] 06/06/2025, 04:00:31 PM | Rate limiting applied (100 reqs/min)
ℹ️ [INFO] 06/06/2025, 04:00:31 PM | CORS enabled
ℹ️ [INFO] 06/06/2025, 04:00:31 PM | Security middlewares fully configured
ℹ️ [INFO] 06/06/2025, 04:00:31 PM | Interceptors configured
ℹ️ [INFO] 06/06/2025, 04:00:31 PM | Routes configured
ℹ️ [INFO] 06/06/2025, 04:00:31 PM | WebSocket server initialized
ℹ️ [INFO] 06/06/2025, 04:00:31 PM | Server running on port 8080
ℹ️ [INFO] 06/06/2025, 04:00:42 PM | MongoDB connected
ℹ️ [INFO] 06/06/2025, 04:00:42 PM | All plugins registered successfully
ℹ️ [INFO] 06/06/2025, 04:00:42 PM | Middlewares configured
ℹ️ [INFO] 06/06/2025, 04:00:42 PM | Helmet security headers enabled
ℹ️ [INFO] 06/06/2025, 04:00:42 PM | Rate limiting applied (100 reqs/min)
ℹ️ [INFO] 06/06/2025, 04:00:42 PM | CORS enabled
ℹ️ [INFO] 06/06/2025, 04:00:42 PM | Security middlewares fully configured
ℹ️ [INFO] 06/06/2025, 04:00:42 PM | Interceptors configured
ℹ️ [INFO] 06/06/2025, 04:00:42 PM | Routes configured
ℹ️ [INFO] 06/06/2025, 04:00:42 PM | WebSocket server initialized
ℹ️ [INFO] 06/06/2025, 04:00:42 PM | Server running on port 8080
ℹ️ [INFO] 06/06/2025, 04:00:54 PM | MongoDB connected
ℹ️ [INFO] 06/06/2025, 04:00:54 PM | All plugins registered successfully
ℹ️ [INFO] 06/06/2025, 04:00:54 PM | Middlewares configured
ℹ️ [INFO] 06/06/2025, 04:00:54 PM | Helmet security headers enabled
ℹ️ [INFO] 06/06/2025, 04:00:54 PM | Rate limiting applied (100 reqs/min)
ℹ️ [INFO] 06/06/2025, 04:00:54 PM | CORS enabled
ℹ️ [INFO] 06/06/2025, 04:00:54 PM | Security middlewares fully configured
ℹ️ [INFO] 06/06/2025, 04:00:54 PM | Interceptors configured
ℹ️ [INFO] 06/06/2025, 04:00:54 PM | Routes configured
ℹ️ [INFO] 06/06/2025, 04:00:54 PM | WebSocket server initialized
ℹ️ [INFO] 06/06/2025, 04:00:54 PM | Server running on port 8080
ℹ️ [INFO] 06/06/2025, 04:00:58 PM | MongoDB connected
ℹ️ [INFO] 06/06/2025, 04:00:58 PM | All plugins registered successfully
ℹ️ [INFO] 06/06/2025, 04:00:58 PM | Middlewares configured
ℹ️ [INFO] 06/06/2025, 04:00:58 PM | Helmet security headers enabled
ℹ️ [INFO] 06/06/2025, 04:00:58 PM | Rate limiting applied (100 reqs/min)
ℹ️ [INFO] 06/06/2025, 04:00:58 PM | CORS enabled
ℹ️ [INFO] 06/06/2025, 04:00:58 PM | Security middlewares fully configured
ℹ️ [INFO] 06/06/2025, 04:00:58 PM | Interceptors configured
ℹ️ [INFO] 06/06/2025, 04:00:58 PM | Routes configured
ℹ️ [INFO] 06/06/2025, 04:00:58 PM | WebSocket server initialized
ℹ️ [INFO] 06/06/2025, 04:00:58 PM | Server running on port 8080
ℹ️ [INFO] 06/06/2025, 04:01:02 PM | MongoDB connected
ℹ️ [INFO] 06/06/2025, 04:01:02 PM | All plugins registered successfully
ℹ️ [INFO] 06/06/2025, 04:01:02 PM | Middlewares configured
ℹ️ [INFO] 06/06/2025, 04:01:02 PM | Helmet security headers enabled
ℹ️ [INFO] 06/06/2025, 04:01:02 PM | Rate limiting applied (100 reqs/min)
ℹ️ [INFO] 06/06/2025, 04:01:02 PM | CORS enabled
ℹ️ [INFO] 06/06/2025, 04:01:02 PM | Security middlewares fully configured
ℹ️ [INFO] 06/06/2025, 04:01:02 PM | Interceptors configured
ℹ️ [INFO] 06/06/2025, 04:01:02 PM | Routes configured
ℹ️ [INFO] 06/06/2025, 04:01:02 PM | WebSocket server initialized
ℹ️ [INFO] 06/06/2025, 04:01:02 PM | Server running on port 8080
ℹ️ [INFO] 06/06/2025, 04:01:11 PM | MongoDB connected
ℹ️ [INFO] 06/06/2025, 04:01:11 PM | All plugins registered successfully
ℹ️ [INFO] 06/06/2025, 04:01:11 PM | Middlewares configured
ℹ️ [INFO] 06/06/2025, 04:01:11 PM | Helmet security headers enabled
ℹ️ [INFO] 06/06/2025, 04:01:11 PM | Rate limiting applied (100 reqs/min)
ℹ️ [INFO] 06/06/2025, 04:01:11 PM | CORS enabled
ℹ️ [INFO] 06/06/2025, 04:01:11 PM | Security middlewares fully configured
ℹ️ [INFO] 06/06/2025, 04:01:11 PM | Interceptors configured
ℹ️ [INFO] 06/06/2025, 04:01:11 PM | Routes configured
ℹ️ [INFO] 06/06/2025, 04:01:11 PM | WebSocket server initialized
ℹ️ [INFO] 06/06/2025, 04:01:11 PM | Server running on port 8080
ℹ️ [INFO] 06/06/2025, 04:01:13 PM | MongoDB connected
ℹ️ [INFO] 06/06/2025, 04:01:13 PM | All plugins registered successfully
ℹ️ [INFO] 06/06/2025, 04:01:13 PM | Middlewares configured
ℹ️ [INFO] 06/06/2025, 04:01:13 PM | Helmet security headers enabled
ℹ️ [INFO] 06/06/2025, 04:01:13 PM | Rate limiting applied (100 reqs/min)
ℹ️ [INFO] 06/06/2025, 04:01:13 PM | CORS enabled
ℹ️ [INFO] 06/06/2025, 04:01:13 PM | Security middlewares fully configured
ℹ️ [INFO] 06/06/2025, 04:01:13 PM | Interceptors configured
ℹ️ [INFO] 06/06/2025, 04:01:13 PM | Routes configured
ℹ️ [INFO] 06/06/2025, 04:01:13 PM | WebSocket server initialized
ℹ️ [INFO] 06/06/2025, 04:01:13 PM | Server running on port 8080
ℹ️ [INFO] 06/06/2025, 04:01:55 PM | MongoDB connected
ℹ️ [INFO] 06/06/2025, 04:01:55 PM | All plugins registered successfully
ℹ️ [INFO] 06/06/2025, 04:01:55 PM | Middlewares configured
ℹ️ [INFO] 06/06/2025, 04:01:55 PM | Helmet security headers enabled
ℹ️ [INFO] 06/06/2025, 04:01:55 PM | Rate limiting applied (100 reqs/min)
ℹ️ [INFO] 06/06/2025, 04:01:55 PM | CORS enabled
ℹ️ [INFO] 06/06/2025, 04:01:55 PM | Security middlewares fully configured
ℹ️ [INFO] 06/06/2025, 04:01:55 PM | Interceptors configured
ℹ️ [INFO] 06/06/2025, 04:01:55 PM | Routes configured
ℹ️ [INFO] 06/06/2025, 04:01:55 PM | WebSocket server initialized
ℹ️ [INFO] 06/06/2025, 04:01:55 PM | Server running on port 8080
ℹ️ [INFO] 06/06/2025, 04:01:58 PM | MongoDB connected
ℹ️ [INFO] 06/06/2025, 04:01:58 PM | All plugins registered successfully
ℹ️ [INFO] 06/06/2025, 04:01:58 PM | Middlewares configured
ℹ️ [INFO] 06/06/2025, 04:01:58 PM | Helmet security headers enabled
ℹ️ [INFO] 06/06/2025, 04:01:58 PM | Rate limiting applied (100 reqs/min)
ℹ️ [INFO] 06/06/2025, 04:01:58 PM | CORS enabled
ℹ️ [INFO] 06/06/2025, 04:01:58 PM | Security middlewares fully configured
ℹ️ [INFO] 06/06/2025, 04:01:58 PM | Interceptors configured
ℹ️ [INFO] 06/06/2025, 04:01:58 PM | Routes configured
ℹ️ [INFO] 06/06/2025, 04:01:58 PM | WebSocket server initialized
ℹ️ [INFO] 06/06/2025, 04:01:58 PM | Server running on port 8080
ℹ️ [INFO] 06/06/2025, 04:02:22 PM | MongoDB connected
ℹ️ [INFO] 06/06/2025, 04:02:22 PM | All plugins registered successfully
ℹ️ [INFO] 06/06/2025, 04:02:22 PM | Middlewares configured
ℹ️ [INFO] 06/06/2025, 04:02:22 PM | Helmet security headers enabled
ℹ️ [INFO] 06/06/2025, 04:02:22 PM | Rate limiting applied (100 reqs/min)
ℹ️ [INFO] 06/06/2025, 04:02:22 PM | CORS enabled
ℹ️ [INFO] 06/06/2025, 04:02:22 PM | Security middlewares fully configured
ℹ️ [INFO] 06/06/2025, 04:02:22 PM | Interceptors configured
ℹ️ [INFO] 06/06/2025, 04:02:22 PM | Routes configured
ℹ️ [INFO] 06/06/2025, 04:02:22 PM | WebSocket server initialized
ℹ️ [INFO] 06/06/2025, 04:02:22 PM | Server running on port 8080
ℹ️ [INFO] 06/06/2025, 04:02:23 PM | MongoDB connected
ℹ️ [INFO] 06/06/2025, 04:02:23 PM | All plugins registered successfully
ℹ️ [INFO] 06/06/2025, 04:02:23 PM | Middlewares configured
ℹ️ [INFO] 06/06/2025, 04:02:23 PM | Helmet security headers enabled
ℹ️ [INFO] 06/06/2025, 04:02:23 PM | Rate limiting applied (100 reqs/min)
ℹ️ [INFO] 06/06/2025, 04:02:23 PM | CORS enabled
ℹ️ [INFO] 06/06/2025, 04:02:23 PM | Security middlewares fully configured
ℹ️ [INFO] 06/06/2025, 04:02:23 PM | Interceptors configured
ℹ️ [INFO] 06/06/2025, 04:02:23 PM | Routes configured
ℹ️ [INFO] 06/06/2025, 04:02:23 PM | WebSocket server initialized
ℹ️ [INFO] 06/06/2025, 04:02:24 PM | Server running on port 8080
ℹ️ [INFO] 06/06/2025, 04:02:56 PM | MongoDB connected
ℹ️ [INFO] 06/06/2025, 04:02:56 PM | All plugins registered successfully
ℹ️ [INFO] 06/06/2025, 04:02:56 PM | Middlewares configured
ℹ️ [INFO] 06/06/2025, 04:02:56 PM | Helmet security headers enabled
ℹ️ [INFO] 06/06/2025, 04:02:56 PM | Rate limiting applied (100 reqs/min)
ℹ️ [INFO] 06/06/2025, 04:02:56 PM | CORS enabled
ℹ️ [INFO] 06/06/2025, 04:02:56 PM | Security middlewares fully configured
ℹ️ [INFO] 06/06/2025, 04:02:56 PM | Interceptors configured
ℹ️ [INFO] 06/06/2025, 04:02:56 PM | Routes configured
ℹ️ [INFO] 06/06/2025, 04:02:56 PM | WebSocket server initialized
ℹ️ [INFO] 06/06/2025, 04:02:57 PM | Server running on port 8080
ℹ️ [INFO] 06/06/2025, 04:02:58 PM | MongoDB connected
ℹ️ [INFO] 06/06/2025, 04:02:59 PM | All plugins registered successfully
ℹ️ [INFO] 06/06/2025, 04:02:59 PM | Middlewares configured
ℹ️ [INFO] 06/06/2025, 04:02:59 PM | Helmet security headers enabled
ℹ️ [INFO] 06/06/2025, 04:02:59 PM | Rate limiting applied (100 reqs/min)
ℹ️ [INFO] 06/06/2025, 04:02:59 PM | CORS enabled
ℹ️ [INFO] 06/06/2025, 04:02:59 PM | Security middlewares fully configured
ℹ️ [INFO] 06/06/2025, 04:02:59 PM | Interceptors configured
ℹ️ [INFO] 06/06/2025, 04:02:59 PM | Routes configured
ℹ️ [INFO] 06/06/2025, 04:02:59 PM | WebSocket server initialized
ℹ️ [INFO] 06/06/2025, 04:02:59 PM | Server running on port 8080
ℹ️ [INFO] 06/06/2025, 04:03:19 PM | MongoDB connected
ℹ️ [INFO] 06/06/2025, 04:03:19 PM | All plugins registered successfully
ℹ️ [INFO] 06/06/2025, 04:03:19 PM | Middlewares configured
ℹ️ [INFO] 06/06/2025, 04:03:19 PM | Helmet security headers enabled
ℹ️ [INFO] 06/06/2025, 04:03:19 PM | Rate limiting applied (100 reqs/min)
ℹ️ [INFO] 06/06/2025, 04:03:19 PM | CORS enabled
ℹ️ [INFO] 06/06/2025, 04:03:19 PM | Security middlewares fully configured
ℹ️ [INFO] 06/06/2025, 04:03:19 PM | Interceptors configured
ℹ️ [INFO] 06/06/2025, 04:03:19 PM | Routes configured
ℹ️ [INFO] 06/06/2025, 04:03:19 PM | WebSocket server initialized
ℹ️ [INFO] 06/06/2025, 04:03:19 PM | Server running on port 8080
ℹ️ [INFO] 06/06/2025, 04:03:20 PM | MongoDB connected
ℹ️ [INFO] 06/06/2025, 04:03:20 PM | All plugins registered successfully
ℹ️ [INFO] 06/06/2025, 04:03:20 PM | Middlewares configured
ℹ️ [INFO] 06/06/2025, 04:03:20 PM | Helmet security headers enabled
ℹ️ [INFO] 06/06/2025, 04:03:20 PM | Rate limiting applied (100 reqs/min)
ℹ️ [INFO] 06/06/2025, 04:03:20 PM | CORS enabled
ℹ️ [INFO] 06/06/2025, 04:03:20 PM | Security middlewares fully configured
ℹ️ [INFO] 06/06/2025, 04:03:20 PM | Interceptors configured
ℹ️ [INFO] 06/06/2025, 04:03:20 PM | Routes configured
ℹ️ [INFO] 06/06/2025, 04:03:20 PM | WebSocket server initialized
ℹ️ [INFO] 06/06/2025, 04:03:20 PM | Server running on port 8080
ℹ️ [INFO] 06/06/2025, 04:04:52 PM | MongoDB connected
ℹ️ [INFO] 06/06/2025, 04:04:52 PM | All plugins registered successfully
ℹ️ [INFO] 06/06/2025, 04:04:52 PM | Middlewares configured
ℹ️ [INFO] 06/06/2025, 04:04:52 PM | Helmet security headers enabled
ℹ️ [INFO] 06/06/2025, 04:04:52 PM | Rate limiting applied (100 reqs/min)
ℹ️ [INFO] 06/06/2025, 04:04:52 PM | CORS enabled
ℹ️ [INFO] 06/06/2025, 04:04:52 PM | Security middlewares fully configured
ℹ️ [INFO] 06/06/2025, 04:04:52 PM | Interceptors configured
ℹ️ [INFO] 06/06/2025, 04:04:52 PM | Routes configured
ℹ️ [INFO] 06/06/2025, 04:04:52 PM | WebSocket server initialized
ℹ️ [INFO] 06/06/2025, 04:04:52 PM | Server running on port 8080
ℹ️ [INFO] 06/06/2025, 04:04:53 PM | MongoDB connected
ℹ️ [INFO] 06/06/2025, 04:04:53 PM | All plugins registered successfully
ℹ️ [INFO] 06/06/2025, 04:04:53 PM | Middlewares configured
ℹ️ [INFO] 06/06/2025, 04:04:53 PM | Helmet security headers enabled
ℹ️ [INFO] 06/06/2025, 04:04:53 PM | Rate limiting applied (100 reqs/min)
ℹ️ [INFO] 06/06/2025, 04:04:53 PM | CORS enabled
ℹ️ [INFO] 06/06/2025, 04:04:53 PM | Security middlewares fully configured
ℹ️ [INFO] 06/06/2025, 04:04:53 PM | Interceptors configured
ℹ️ [INFO] 06/06/2025, 04:04:53 PM | Routes configured
ℹ️ [INFO] 06/06/2025, 04:04:53 PM | WebSocket server initialized
ℹ️ [INFO] 06/06/2025, 04:04:53 PM | Server running on port 8080
ℹ️ [INFO] 06/06/2025, 04:05:11 PM | Query for categories: {}
❗ [ERROR] 06/06/2025, 04:05:11 PM | Error fetching categories: seoService is not defined
❗ [ERROR] 06/06/2025, 04:05:11 PM | Error fetching categories: seoService is not defined
ℹ️ [INFO] 06/06/2025, 04:05:48 PM | MongoDB connected
ℹ️ [INFO] 06/06/2025, 04:05:48 PM | All plugins registered successfully
ℹ️ [INFO] 06/06/2025, 04:05:48 PM | Middlewares configured
ℹ️ [INFO] 06/06/2025, 04:05:48 PM | Helmet security headers enabled
ℹ️ [INFO] 06/06/2025, 04:05:48 PM | Rate limiting applied (100 reqs/min)
ℹ️ [INFO] 06/06/2025, 04:05:48 PM | CORS enabled
ℹ️ [INFO] 06/06/2025, 04:05:48 PM | Security middlewares fully configured
ℹ️ [INFO] 06/06/2025, 04:05:48 PM | Interceptors configured
ℹ️ [INFO] 06/06/2025, 04:05:48 PM | Routes configured
ℹ️ [INFO] 06/06/2025, 04:05:48 PM | WebSocket server initialized
ℹ️ [INFO] 06/06/2025, 04:05:48 PM | Server running on port 8080
ℹ️ [INFO] 06/06/2025, 04:05:50 PM | Query for categories: {}
ℹ️ [INFO] 06/06/2025, 04:05:50 PM | No SEO found for category with ID: 68419602a4922b68a1c6fd5b
❗ [ERROR] 06/06/2025, 04:05:50 PM | Error fetching categories: buildSeoAttributes is not defined
❗ [ERROR] 06/06/2025, 04:05:50 PM | Error fetching categories: buildSeoAttributes is not defined
ℹ️ [INFO] 06/06/2025, 04:05:50 PM | No SEO found for category with ID: 684195d1a4922b68a1c6fd37
ℹ️ [INFO] 06/06/2025, 04:05:50 PM | No SEO found for category with ID: 684195f6a4922b68a1c6fd49
ℹ️ [INFO] 06/06/2025, 04:05:50 PM | No SEO found for category with ID: 684195c2a4922b68a1c6fd27
ℹ️ [INFO] 06/06/2025, 04:06:17 PM | MongoDB connected
ℹ️ [INFO] 06/06/2025, 04:06:17 PM | All plugins registered successfully
ℹ️ [INFO] 06/06/2025, 04:06:17 PM | Middlewares configured
ℹ️ [INFO] 06/06/2025, 04:06:17 PM | Helmet security headers enabled
ℹ️ [INFO] 06/06/2025, 04:06:17 PM | Rate limiting applied (100 reqs/min)
ℹ️ [INFO] 06/06/2025, 04:06:17 PM | CORS enabled
ℹ️ [INFO] 06/06/2025, 04:06:17 PM | Security middlewares fully configured
ℹ️ [INFO] 06/06/2025, 04:06:17 PM | Interceptors configured
ℹ️ [INFO] 06/06/2025, 04:06:17 PM | Routes configured
ℹ️ [INFO] 06/06/2025, 04:06:17 PM | WebSocket server initialized
ℹ️ [INFO] 06/06/2025, 04:06:17 PM | Server running on port 8080
ℹ️ [INFO] 06/06/2025, 04:06:18 PM | Query for categories: {}
ℹ️ [INFO] 06/06/2025, 04:06:18 PM | No SEO found for category with ID: 684195c2a4922b68a1c6fd27
ℹ️ [INFO] 06/06/2025, 04:06:18 PM | No SEO found for category with ID: 684195f6a4922b68a1c6fd49
ℹ️ [INFO] 06/06/2025, 04:06:18 PM | No SEO found for category with ID: 684195d1a4922b68a1c6fd37
ℹ️ [INFO] 06/06/2025, 04:06:18 PM | No SEO found for category with ID: 68419602a4922b68a1c6fd5b
ℹ️ [INFO] 06/06/2025, 04:06:18 PM | Found categories: [{"_id":"68419602a4922b68a1c6fd5b","name":"گوشی سامسونگ","parentId":"684195c2a4922b68a1c6fd27","description":"بررسی و خرید جدیدترین گوشی‌های سامسونگ سری Galaxy با گارانتی معتبر","image":"/uploads/category/images/category-superadmin-68261c189793af40ff160090-20250605163506.jpeg","metaTitle":"خرید گوشی سامسونگ | سری Galaxy A، S، Z","metaDescription":"خرید اینترنتی گوشی سامسونگ با بهترین قیمت، از مدل‌های اقتصادی تا پرچمدار Galaxy S و Z Fold با گارانتی رسمی","createdAt":"2025-06-05T13:05:06.651Z","updatedAt":"2025-06-05T13:05:06.651Z","slug":"گوشی-سامسونگ","__v":0,"seo":{"metaTitle":"خرید گوشی سامسونگ | سری Galaxy A، S، Z","metaDescription":"خرید اینترنتی گوشی سامسونگ با بهترین قیمت، از مدل‌های اقتصادی تا پرچمدار Galaxy S و Z Fold با گارانتی رسمی","canonicalUrl":"https://yourwebsite.com/category/گوشی-سامسونگ","ogTitle":"خرید گوشی سامسونگ | سری Galaxy A، S، Z","ogDescription":"خرید اینترنتی گوشی سامسونگ با بهترین قیمت، از مدل‌های اقتصادی تا پرچمدار Galaxy S و Z Fold با گارانتی رسمی","ogImage":"/uploads/category/images/category-superadmin-68261c189793af40ff160090-20250605163506.jpeg","keywords":["گوشی سامسونگ","دسته‌بندی","فروشگاه آنلاین","خرید"]}},{"_id":"684195f6a4922b68a1c6fd49","name":"گوشی آیفون","parentId":"684195d1a4922b68a1c6fd37","description":"خرید انواع مدل‌های گوشی آیفون اپل با گارانتی معتبر و بهترین قیمت","image":"/uploads/category/images/category-superadmin-68261c189793af40ff160090-20250605163454.jpeg","metaTitle":"خرید آیفون | جدیدترین گوشی‌های Apple iPhone","metaDescription":"بررسی، مشخصات و خرید اینترنتی گوشی‌های آیفون Apple با بهترین قیمت بازار و تنوع مدل‌ها از آیفون 11 تا آیفون 15","createdAt":"2025-06-05T13:04:54.119Z","updatedAt":"2025-06-05T13:04:54.120Z","slug":"گوشی-آیفون","__v":0,"seo":{"metaTitle":"خرید آیفون | جدیدترین گوشی‌های Apple iPhone","metaDescription":"بررسی، مشخصات و خرید اینترنتی گوشی‌های آیفون Apple با بهترین قیمت بازار و تنوع مدل‌ها از آیفون 11 تا آیفون 15","canonicalUrl":"https://yourwebsite.com/category/گوشی-آیفون","ogTitle":"خرید آیفون | جدیدترین گوشی‌های Apple iPhone","ogDescription":"بررسی، مشخصات و خرید اینترنتی گوشی‌های آیفون Apple با بهترین قیمت بازار و تنوع مدل‌ها از آیفون 11 تا آیفون 15","ogImage":"/uploads/category/images/category-superadmin-68261c189793af40ff160090-20250605163454.jpeg","keywords":["گوشی آیفون","دسته‌بندی","فروشگاه آنلاین","خرید"]}},{"_id":"684195d1a4922b68a1c6fd37","name":"موبایل","parentId":"684195c2a4922b68a1c6fd27","description":"گوشی‌های هوشمند از برندهای متنوع مانند اپل، سامسونگ، شیائومی و ...","image":"/uploads/category/images/category-superadmin-68261c189793af40ff160090-20250605163417.jpeg","metaTitle":"خرید موبایل | گوشی هوشمند اندروید و آیفون","metaDescription":"انواع موبایل با بهترین قیمت از برندهای معتبر مانند سامسونگ، اپل، شیائومی، هواوی و دیگر برندهای محبوب در دسته‌بندی موبایل","createdAt":"2025-06-05T13:04:17.059Z","updatedAt":"2025-06-05T13:04:17.059Z","slug":"موبایل","__v":0,"seo":{"metaTitle":"خرید موبایل | گوشی هوشمند اندروید و آیفون","metaDescription":"انواع موبایل با بهترین قیمت از برندهای معتبر مانند سامسونگ، اپل، شیائومی، هواوی و دیگر برندهای محبوب در دسته‌بندی موبایل","canonicalUrl":"https://yourwebsite.com/category/موبایل","ogTitle":"خرید موبایل | گوشی هوشمند اندروید و آیفون","ogDescription":"انواع موبایل با بهترین قیمت از برندهای معتبر مانند سامسونگ، اپل، شیائومی، هواوی و دیگر برندهای محبوب در دسته‌بندی موبایل","ogImage":"/uploads/category/images/category-superadmin-68261c189793af40ff160090-20250605163417.jpeg","keywords":["موبایل","دسته‌بندی","فروشگاه آنلاین","خرید"]}},{"_id":"684195c2a4922b68a1c6fd27","name":"کالای دیجیتال","parentId":null,"description":"انواع محصولات الکترونیکی و تکنولوژی روز مانند گوشی موبایل، لپ‌تاپ، لوازم جانبی و بیشتر","image":"/uploads/category/images/category-superadmin-68261c189793af40ff160090-20250605163402.jpeg","metaTitle":"خرید کالای دیجیتال | موبایل، لپ‌تاپ، لوازم جانبی","metaDescription":"برترین فروشگاه برای خرید اینترنتی کالای دیجیتال شامل موبایل، لپ‌تاپ، هدفون، ساعت هوشمند و دیگر محصولات فناوری با قیمت مناسب","createdAt":"2025-06-05T13:04:02.246Z","updatedAt":"2025-06-05T13:04:02.249Z","slug":"کالای-دیجیتال","__v":0,"seo":{"metaTitle":"خرید کالای دیجیتال | موبایل، لپ‌تاپ، لوازم جانبی","metaDescription":"برترین فروشگاه برای خرید اینترنتی کالای دیجیتال شامل موبایل، لپ‌تاپ، هدفون، ساعت هوشمند و دیگر محصولات فناوری با قیمت مناسب","canonicalUrl":"https://yourwebsite.com/category/کالای-دیجیتال","ogTitle":"خرید کالای دیجیتال | موبایل، لپ‌تاپ، لوازم جانبی","ogDescription":"برترین فروشگاه برای خرید اینترنتی کالای دیجیتال شامل موبایل، لپ‌تاپ، هدفون، ساعت هوشمند و دیگر محصولات فناوری با قیمت مناسب","ogImage":"/uploads/category/images/category-superadmin-68261c189793af40ff160090-20250605163402.jpeg","keywords":["کالای دیجیتال","دسته‌بندی","فروشگاه آنلاین","خرید"]}}]
❗ [ERROR] 06/06/2025, 04:06:18 PM | Error fetching categories: seoService is not defined
ℹ️ [INFO] 06/06/2025, 04:06:41 PM | Query for categories: {}
ℹ️ [INFO] 06/06/2025, 04:06:41 PM | No SEO found for category with ID: 68419602a4922b68a1c6fd5b
ℹ️ [INFO] 06/06/2025, 04:06:41 PM | No SEO found for category with ID: 684195c2a4922b68a1c6fd27
ℹ️ [INFO] 06/06/2025, 04:06:41 PM | No SEO found for category with ID: 684195d1a4922b68a1c6fd37
ℹ️ [INFO] 06/06/2025, 04:06:41 PM | No SEO found for category with ID: 684195f6a4922b68a1c6fd49
ℹ️ [INFO] 06/06/2025, 04:06:41 PM | Found categories: [{"_id":"68419602a4922b68a1c6fd5b","name":"گوشی سامسونگ","parentId":"684195c2a4922b68a1c6fd27","description":"بررسی و خرید جدیدترین گوشی‌های سامسونگ سری Galaxy با گارانتی معتبر","image":"/uploads/category/images/category-superadmin-68261c189793af40ff160090-20250605163506.jpeg","metaTitle":"خرید گوشی سامسونگ | سری Galaxy A، S، Z","metaDescription":"خرید اینترنتی گوشی سامسونگ با بهترین قیمت، از مدل‌های اقتصادی تا پرچمدار Galaxy S و Z Fold با گارانتی رسمی","createdAt":"2025-06-05T13:05:06.651Z","updatedAt":"2025-06-05T13:05:06.651Z","slug":"گوشی-سامسونگ","__v":0,"seo":{"metaTitle":"خرید گوشی سامسونگ | سری Galaxy A، S، Z","metaDescription":"خرید اینترنتی گوشی سامسونگ با بهترین قیمت، از مدل‌های اقتصادی تا پرچمدار Galaxy S و Z Fold با گارانتی رسمی","canonicalUrl":"https://yourwebsite.com/category/گوشی-سامسونگ","ogTitle":"خرید گوشی سامسونگ | سری Galaxy A، S، Z","ogDescription":"خرید اینترنتی گوشی سامسونگ با بهترین قیمت، از مدل‌های اقتصادی تا پرچمدار Galaxy S و Z Fold با گارانتی رسمی","ogImage":"/uploads/category/images/category-superadmin-68261c189793af40ff160090-20250605163506.jpeg","keywords":["گوشی سامسونگ","دسته‌بندی","فروشگاه آنلاین","خرید"]}},{"_id":"684195f6a4922b68a1c6fd49","name":"گوشی آیفون","parentId":"684195d1a4922b68a1c6fd37","description":"خرید انواع مدل‌های گوشی آیفون اپل با گارانتی معتبر و بهترین قیمت","image":"/uploads/category/images/category-superadmin-68261c189793af40ff160090-20250605163454.jpeg","metaTitle":"خرید آیفون | جدیدترین گوشی‌های Apple iPhone","metaDescription":"بررسی، مشخصات و خرید اینترنتی گوشی‌های آیفون Apple با بهترین قیمت بازار و تنوع مدل‌ها از آیفون 11 تا آیفون 15","createdAt":"2025-06-05T13:04:54.119Z","updatedAt":"2025-06-05T13:04:54.120Z","slug":"گوشی-آیفون","__v":0,"seo":{"metaTitle":"خرید آیفون | جدیدترین گوشی‌های Apple iPhone","metaDescription":"بررسی، مشخصات و خرید اینترنتی گوشی‌های آیفون Apple با بهترین قیمت بازار و تنوع مدل‌ها از آیفون 11 تا آیفون 15","canonicalUrl":"https://yourwebsite.com/category/گوشی-آیفون","ogTitle":"خرید آیفون | جدیدترین گوشی‌های Apple iPhone","ogDescription":"بررسی، مشخصات و خرید اینترنتی گوشی‌های آیفون Apple با بهترین قیمت بازار و تنوع مدل‌ها از آیفون 11 تا آیفون 15","ogImage":"/uploads/category/images/category-superadmin-68261c189793af40ff160090-20250605163454.jpeg","keywords":["گوشی آیفون","دسته‌بندی","فروشگاه آنلاین","خرید"]}},{"_id":"684195d1a4922b68a1c6fd37","name":"موبایل","parentId":"684195c2a4922b68a1c6fd27","description":"گوشی‌های هوشمند از برندهای متنوع مانند اپل، سامسونگ، شیائومی و ...","image":"/uploads/category/images/category-superadmin-68261c189793af40ff160090-20250605163417.jpeg","metaTitle":"خرید موبایل | گوشی هوشمند اندروید و آیفون","metaDescription":"انواع موبایل با بهترین قیمت از برندهای معتبر مانند سامسونگ، اپل، شیائومی، هواوی و دیگر برندهای محبوب در دسته‌بندی موبایل","createdAt":"2025-06-05T13:04:17.059Z","updatedAt":"2025-06-05T13:04:17.059Z","slug":"موبایل","__v":0,"seo":{"metaTitle":"خرید موبایل | گوشی هوشمند اندروید و آیفون","metaDescription":"انواع موبایل با بهترین قیمت از برندهای معتبر مانند سامسونگ، اپل، شیائومی، هواوی و دیگر برندهای محبوب در دسته‌بندی موبایل","canonicalUrl":"https://yourwebsite.com/category/موبایل","ogTitle":"خرید موبایل | گوشی هوشمند اندروید و آیفون","ogDescription":"انواع موبایل با بهترین قیمت از برندهای معتبر مانند سامسونگ، اپل، شیائومی، هواوی و دیگر برندهای محبوب در دسته‌بندی موبایل","ogImage":"/uploads/category/images/category-superadmin-68261c189793af40ff160090-20250605163417.jpeg","keywords":["موبایل","دسته‌بندی","فروشگاه آنلاین","خرید"]}},{"_id":"684195c2a4922b68a1c6fd27","name":"کالای دیجیتال","parentId":null,"description":"انواع محصولات الکترونیکی و تکنولوژی روز مانند گوشی موبایل، لپ‌تاپ، لوازم جانبی و بیشتر","image":"/uploads/category/images/category-superadmin-68261c189793af40ff160090-20250605163402.jpeg","metaTitle":"خرید کالای دیجیتال | موبایل، لپ‌تاپ، لوازم جانبی","metaDescription":"برترین فروشگاه برای خرید اینترنتی کالای دیجیتال شامل موبایل، لپ‌تاپ، هدفون، ساعت هوشمند و دیگر محصولات فناوری با قیمت مناسب","createdAt":"2025-06-05T13:04:02.246Z","updatedAt":"2025-06-05T13:04:02.249Z","slug":"کالای-دیجیتال","__v":0,"seo":{"metaTitle":"خرید کالای دیجیتال | موبایل، لپ‌تاپ، لوازم جانبی","metaDescription":"برترین فروشگاه برای خرید اینترنتی کالای دیجیتال شامل موبایل، لپ‌تاپ، هدفون، ساعت هوشمند و دیگر محصولات فناوری با قیمت مناسب","canonicalUrl":"https://yourwebsite.com/category/کالای-دیجیتال","ogTitle":"خرید کالای دیجیتال | موبایل، لپ‌تاپ، لوازم جانبی","ogDescription":"برترین فروشگاه برای خرید اینترنتی کالای دیجیتال شامل موبایل، لپ‌تاپ، هدفون، ساعت هوشمند و دیگر محصولات فناوری با قیمت مناسب","ogImage":"/uploads/category/images/category-superadmin-68261c189793af40ff160090-20250605163402.jpeg","keywords":["کالای دیجیتال","دسته‌بندی","فروشگاه آنلاین","خرید"]}}]
❗ [ERROR] 06/06/2025, 04:06:41 PM | Error fetching categories: seoService is not defined
ℹ️ [INFO] 06/06/2025, 04:07:02 PM | MongoDB connected
ℹ️ [INFO] 06/06/2025, 04:07:02 PM | All plugins registered successfully
ℹ️ [INFO] 06/06/2025, 04:07:02 PM | Middlewares configured
ℹ️ [INFO] 06/06/2025, 04:07:02 PM | Helmet security headers enabled
ℹ️ [INFO] 06/06/2025, 04:07:02 PM | Rate limiting applied (100 reqs/min)
ℹ️ [INFO] 06/06/2025, 04:07:02 PM | CORS enabled
ℹ️ [INFO] 06/06/2025, 04:07:02 PM | Security middlewares fully configured
ℹ️ [INFO] 06/06/2025, 04:07:02 PM | Interceptors configured
ℹ️ [INFO] 06/06/2025, 04:07:02 PM | Routes configured
ℹ️ [INFO] 06/06/2025, 04:07:02 PM | WebSocket server initialized
ℹ️ [INFO] 06/06/2025, 04:07:02 PM | Server running on port 8080
ℹ️ [INFO] 06/06/2025, 04:07:07 PM | MongoDB connected
ℹ️ [INFO] 06/06/2025, 04:07:07 PM | All plugins registered successfully
ℹ️ [INFO] 06/06/2025, 04:07:07 PM | Middlewares configured
ℹ️ [INFO] 06/06/2025, 04:07:07 PM | Helmet security headers enabled
ℹ️ [INFO] 06/06/2025, 04:07:07 PM | Rate limiting applied (100 reqs/min)
ℹ️ [INFO] 06/06/2025, 04:07:07 PM | CORS enabled
ℹ️ [INFO] 06/06/2025, 04:07:07 PM | Security middlewares fully configured
ℹ️ [INFO] 06/06/2025, 04:07:07 PM | Interceptors configured
ℹ️ [INFO] 06/06/2025, 04:07:07 PM | Routes configured
ℹ️ [INFO] 06/06/2025, 04:07:07 PM | WebSocket server initialized
ℹ️ [INFO] 06/06/2025, 04:07:07 PM | Server running on port 8080
ℹ️ [INFO] 06/06/2025, 04:07:14 PM | Query for categories: {}
ℹ️ [INFO] 06/06/2025, 04:07:14 PM | No SEO found for category with ID: 684195f6a4922b68a1c6fd49
ℹ️ [INFO] 06/06/2025, 04:07:14 PM | No SEO found for category with ID: 684195c2a4922b68a1c6fd27
ℹ️ [INFO] 06/06/2025, 04:07:14 PM | No SEO found for category with ID: 68419602a4922b68a1c6fd5b
ℹ️ [INFO] 06/06/2025, 04:07:14 PM | No SEO found for category with ID: 684195d1a4922b68a1c6fd37
ℹ️ [INFO] 06/06/2025, 04:07:14 PM | Found categories: [{"_id":"68419602a4922b68a1c6fd5b","name":"گوشی سامسونگ","parentId":"684195c2a4922b68a1c6fd27","description":"بررسی و خرید جدیدترین گوشی‌های سامسونگ سری Galaxy با گارانتی معتبر","image":"/uploads/category/images/category-superadmin-68261c189793af40ff160090-20250605163506.jpeg","metaTitle":"خرید گوشی سامسونگ | سری Galaxy A، S، Z","metaDescription":"خرید اینترنتی گوشی سامسونگ با بهترین قیمت، از مدل‌های اقتصادی تا پرچمدار Galaxy S و Z Fold با گارانتی رسمی","createdAt":"2025-06-05T13:05:06.651Z","updatedAt":"2025-06-05T13:05:06.651Z","slug":"گوشی-سامسونگ","__v":0,"seo":{"metaTitle":"خرید گوشی سامسونگ | سری Galaxy A، S، Z","metaDescription":"خرید اینترنتی گوشی سامسونگ با بهترین قیمت، از مدل‌های اقتصادی تا پرچمدار Galaxy S و Z Fold با گارانتی رسمی","canonicalUrl":"https://yourwebsite.com/category/گوشی-سامسونگ","ogTitle":"خرید گوشی سامسونگ | سری Galaxy A، S، Z","ogDescription":"خرید اینترنتی گوشی سامسونگ با بهترین قیمت، از مدل‌های اقتصادی تا پرچمدار Galaxy S و Z Fold با گارانتی رسمی","ogImage":"/uploads/category/images/category-superadmin-68261c189793af40ff160090-20250605163506.jpeg","keywords":["گوشی سامسونگ","دسته‌بندی","فروشگاه آنلاین","خرید"]}},{"_id":"684195f6a4922b68a1c6fd49","name":"گوشی آیفون","parentId":"684195d1a4922b68a1c6fd37","description":"خرید انواع مدل‌های گوشی آیفون اپل با گارانتی معتبر و بهترین قیمت","image":"/uploads/category/images/category-superadmin-68261c189793af40ff160090-20250605163454.jpeg","metaTitle":"خرید آیفون | جدیدترین گوشی‌های Apple iPhone","metaDescription":"بررسی، مشخصات و خرید اینترنتی گوشی‌های آیفون Apple با بهترین قیمت بازار و تنوع مدل‌ها از آیفون 11 تا آیفون 15","createdAt":"2025-06-05T13:04:54.119Z","updatedAt":"2025-06-05T13:04:54.120Z","slug":"گوشی-آیفون","__v":0,"seo":{"metaTitle":"خرید آیفون | جدیدترین گوشی‌های Apple iPhone","metaDescription":"بررسی، مشخصات و خرید اینترنتی گوشی‌های آیفون Apple با بهترین قیمت بازار و تنوع مدل‌ها از آیفون 11 تا آیفون 15","canonicalUrl":"https://yourwebsite.com/category/گوشی-آیفون","ogTitle":"خرید آیفون | جدیدترین گوشی‌های Apple iPhone","ogDescription":"بررسی، مشخصات و خرید اینترنتی گوشی‌های آیفون Apple با بهترین قیمت بازار و تنوع مدل‌ها از آیفون 11 تا آیفون 15","ogImage":"/uploads/category/images/category-superadmin-68261c189793af40ff160090-20250605163454.jpeg","keywords":["گوشی آیفون","دسته‌بندی","فروشگاه آنلاین","خرید"]}},{"_id":"684195d1a4922b68a1c6fd37","name":"موبایل","parentId":"684195c2a4922b68a1c6fd27","description":"گوشی‌های هوشمند از برندهای متنوع مانند اپل، سامسونگ، شیائومی و ...","image":"/uploads/category/images/category-superadmin-68261c189793af40ff160090-20250605163417.jpeg","metaTitle":"خرید موبایل | گوشی هوشمند اندروید و آیفون","metaDescription":"انواع موبایل با بهترین قیمت از برندهای معتبر مانند سامسونگ، اپل، شیائومی، هواوی و دیگر برندهای محبوب در دسته‌بندی موبایل","createdAt":"2025-06-05T13:04:17.059Z","updatedAt":"2025-06-05T13:04:17.059Z","slug":"موبایل","__v":0,"seo":{"metaTitle":"خرید موبایل | گوشی هوشمند اندروید و آیفون","metaDescription":"انواع موبایل با بهترین قیمت از برندهای معتبر مانند سامسونگ، اپل، شیائومی، هواوی و دیگر برندهای محبوب در دسته‌بندی موبایل","canonicalUrl":"https://yourwebsite.com/category/موبایل","ogTitle":"خرید موبایل | گوشی هوشمند اندروید و آیفون","ogDescription":"انواع موبایل با بهترین قیمت از برندهای معتبر مانند سامسونگ، اپل، شیائومی، هواوی و دیگر برندهای محبوب در دسته‌بندی موبایل","ogImage":"/uploads/category/images/category-superadmin-68261c189793af40ff160090-20250605163417.jpeg","keywords":["موبایل","دسته‌بندی","فروشگاه آنلاین","خرید"]}},{"_id":"684195c2a4922b68a1c6fd27","name":"کالای دیجیتال","parentId":null,"description":"انواع محصولات الکترونیکی و تکنولوژی روز مانند گوشی موبایل، لپ‌تاپ، لوازم جانبی و بیشتر","image":"/uploads/category/images/category-superadmin-68261c189793af40ff160090-20250605163402.jpeg","metaTitle":"خرید کالای دیجیتال | موبایل، لپ‌تاپ، لوازم جانبی","metaDescription":"برترین فروشگاه برای خرید اینترنتی کالای دیجیتال شامل موبایل، لپ‌تاپ، هدفون، ساعت هوشمند و دیگر محصولات فناوری با قیمت مناسب","createdAt":"2025-06-05T13:04:02.246Z","updatedAt":"2025-06-05T13:04:02.249Z","slug":"کالای-دیجیتال","__v":0,"seo":{"metaTitle":"خرید کالای دیجیتال | موبایل، لپ‌تاپ، لوازم جانبی","metaDescription":"برترین فروشگاه برای خرید اینترنتی کالای دیجیتال شامل موبایل، لپ‌تاپ، هدفون، ساعت هوشمند و دیگر محصولات فناوری با قیمت مناسب","canonicalUrl":"https://yourwebsite.com/category/کالای-دیجیتال","ogTitle":"خرید کالای دیجیتال | موبایل، لپ‌تاپ، لوازم جانبی","ogDescription":"برترین فروشگاه برای خرید اینترنتی کالای دیجیتال شامل موبایل، لپ‌تاپ، هدفون، ساعت هوشمند و دیگر محصولات فناوری با قیمت مناسب","ogImage":"/uploads/category/images/category-superadmin-68261c189793af40ff160090-20250605163402.jpeg","keywords":["کالای دیجیتال","دسته‌بندی","فروشگاه آنلاین","خرید"]}}]
❗ [ERROR] 06/06/2025, 04:07:14 PM | Error fetching categories: seoService is not defined
ℹ️ [INFO] 06/06/2025, 04:07:15 PM | Query for categories: {}
ℹ️ [INFO] 06/06/2025, 04:07:15 PM | No SEO found for category with ID: 68419602a4922b68a1c6fd5b
ℹ️ [INFO] 06/06/2025, 04:07:15 PM | No SEO found for category with ID: 684195f6a4922b68a1c6fd49
ℹ️ [INFO] 06/06/2025, 04:07:15 PM | No SEO found for category with ID: 684195d1a4922b68a1c6fd37
ℹ️ [INFO] 06/06/2025, 04:07:15 PM | No SEO found for category with ID: 684195c2a4922b68a1c6fd27
ℹ️ [INFO] 06/06/2025, 04:07:15 PM | Found categories: [{"_id":"68419602a4922b68a1c6fd5b","name":"گوشی سامسونگ","parentId":"684195c2a4922b68a1c6fd27","description":"بررسی و خرید جدیدترین گوشی‌های سامسونگ سری Galaxy با گارانتی معتبر","image":"/uploads/category/images/category-superadmin-68261c189793af40ff160090-20250605163506.jpeg","metaTitle":"خرید گوشی سامسونگ | سری Galaxy A، S، Z","metaDescription":"خرید اینترنتی گوشی سامسونگ با بهترین قیمت، از مدل‌های اقتصادی تا پرچمدار Galaxy S و Z Fold با گارانتی رسمی","createdAt":"2025-06-05T13:05:06.651Z","updatedAt":"2025-06-05T13:05:06.651Z","slug":"گوشی-سامسونگ","__v":0,"seo":{"metaTitle":"خرید گوشی سامسونگ | سری Galaxy A، S، Z","metaDescription":"خرید اینترنتی گوشی سامسونگ با بهترین قیمت، از مدل‌های اقتصادی تا پرچمدار Galaxy S و Z Fold با گارانتی رسمی","canonicalUrl":"https://yourwebsite.com/category/گوشی-سامسونگ","ogTitle":"خرید گوشی سامسونگ | سری Galaxy A، S، Z","ogDescription":"خرید اینترنتی گوشی سامسونگ با بهترین قیمت، از مدل‌های اقتصادی تا پرچمدار Galaxy S و Z Fold با گارانتی رسمی","ogImage":"/uploads/category/images/category-superadmin-68261c189793af40ff160090-20250605163506.jpeg","keywords":["گوشی سامسونگ","دسته‌بندی","فروشگاه آنلاین","خرید"]}},{"_id":"684195f6a4922b68a1c6fd49","name":"گوشی آیفون","parentId":"684195d1a4922b68a1c6fd37","description":"خرید انواع مدل‌های گوشی آیفون اپل با گارانتی معتبر و بهترین قیمت","image":"/uploads/category/images/category-superadmin-68261c189793af40ff160090-20250605163454.jpeg","metaTitle":"خرید آیفون | جدیدترین گوشی‌های Apple iPhone","metaDescription":"بررسی، مشخصات و خرید اینترنتی گوشی‌های آیفون Apple با بهترین قیمت بازار و تنوع مدل‌ها از آیفون 11 تا آیفون 15","createdAt":"2025-06-05T13:04:54.119Z","updatedAt":"2025-06-05T13:04:54.120Z","slug":"گوشی-آیفون","__v":0,"seo":{"metaTitle":"خرید آیفون | جدیدترین گوشی‌های Apple iPhone","metaDescription":"بررسی، مشخصات و خرید اینترنتی گوشی‌های آیفون Apple با بهترین قیمت بازار و تنوع مدل‌ها از آیفون 11 تا آیفون 15","canonicalUrl":"https://yourwebsite.com/category/گوشی-آیفون","ogTitle":"خرید آیفون | جدیدترین گوشی‌های Apple iPhone","ogDescription":"بررسی، مشخصات و خرید اینترنتی گوشی‌های آیفون Apple با بهترین قیمت بازار و تنوع مدل‌ها از آیفون 11 تا آیفون 15","ogImage":"/uploads/category/images/category-superadmin-68261c189793af40ff160090-20250605163454.jpeg","keywords":["گوشی آیفون","دسته‌بندی","فروشگاه آنلاین","خرید"]}},{"_id":"684195d1a4922b68a1c6fd37","name":"موبایل","parentId":"684195c2a4922b68a1c6fd27","description":"گوشی‌های هوشمند از برندهای متنوع مانند اپل، سامسونگ، شیائومی و ...","image":"/uploads/category/images/category-superadmin-68261c189793af40ff160090-20250605163417.jpeg","metaTitle":"خرید موبایل | گوشی هوشمند اندروید و آیفون","metaDescription":"انواع موبایل با بهترین قیمت از برندهای معتبر مانند سامسونگ، اپل، شیائومی، هواوی و دیگر برندهای محبوب در دسته‌بندی موبایل","createdAt":"2025-06-05T13:04:17.059Z","updatedAt":"2025-06-05T13:04:17.059Z","slug":"موبایل","__v":0,"seo":{"metaTitle":"خرید موبایل | گوشی هوشمند اندروید و آیفون","metaDescription":"انواع موبایل با بهترین قیمت از برندهای معتبر مانند سامسونگ، اپل، شیائومی، هواوی و دیگر برندهای محبوب در دسته‌بندی موبایل","canonicalUrl":"https://yourwebsite.com/category/موبایل","ogTitle":"خرید موبایل | گوشی هوشمند اندروید و آیفون","ogDescription":"انواع موبایل با بهترین قیمت از برندهای معتبر مانند سامسونگ، اپل، شیائومی، هواوی و دیگر برندهای محبوب در دسته‌بندی موبایل","ogImage":"/uploads/category/images/category-superadmin-68261c189793af40ff160090-20250605163417.jpeg","keywords":["موبایل","دسته‌بندی","فروشگاه آنلاین","خرید"]}},{"_id":"684195c2a4922b68a1c6fd27","name":"کالای دیجیتال","parentId":null,"description":"انواع محصولات الکترونیکی و تکنولوژی روز مانند گوشی موبایل، لپ‌تاپ، لوازم جانبی و بیشتر","image":"/uploads/category/images/category-superadmin-68261c189793af40ff160090-20250605163402.jpeg","metaTitle":"خرید کالای دیجیتال | موبایل، لپ‌تاپ، لوازم جانبی","metaDescription":"برترین فروشگاه برای خرید اینترنتی کالای دیجیتال شامل موبایل، لپ‌تاپ، هدفون، ساعت هوشمند و دیگر محصولات فناوری با قیمت مناسب","createdAt":"2025-06-05T13:04:02.246Z","updatedAt":"2025-06-05T13:04:02.249Z","slug":"کالای-دیجیتال","__v":0,"seo":{"metaTitle":"خرید کالای دیجیتال | موبایل، لپ‌تاپ، لوازم جانبی","metaDescription":"برترین فروشگاه برای خرید اینترنتی کالای دیجیتال شامل موبایل، لپ‌تاپ، هدفون، ساعت هوشمند و دیگر محصولات فناوری با قیمت مناسب","canonicalUrl":"https://yourwebsite.com/category/کالای-دیجیتال","ogTitle":"خرید کالای دیجیتال | موبایل، لپ‌تاپ، لوازم جانبی","ogDescription":"برترین فروشگاه برای خرید اینترنتی کالای دیجیتال شامل موبایل، لپ‌تاپ، هدفون، ساعت هوشمند و دیگر محصولات فناوری با قیمت مناسب","ogImage":"/uploads/category/images/category-superadmin-68261c189793af40ff160090-20250605163402.jpeg","keywords":["کالای دیجیتال","دسته‌بندی","فروشگاه آنلاین","خرید"]}}]
❗ [ERROR] 06/06/2025, 04:07:15 PM | Error fetching categories: seoService is not defined
ℹ️ [INFO] 06/06/2025, 04:07:29 PM | MongoDB connected
ℹ️ [INFO] 06/06/2025, 04:07:29 PM | All plugins registered successfully
ℹ️ [INFO] 06/06/2025, 04:07:29 PM | Middlewares configured
ℹ️ [INFO] 06/06/2025, 04:07:29 PM | Helmet security headers enabled
ℹ️ [INFO] 06/06/2025, 04:07:29 PM | Rate limiting applied (100 reqs/min)
ℹ️ [INFO] 06/06/2025, 04:07:29 PM | CORS enabled
ℹ️ [INFO] 06/06/2025, 04:07:29 PM | Security middlewares fully configured
ℹ️ [INFO] 06/06/2025, 04:07:29 PM | Interceptors configured
ℹ️ [INFO] 06/06/2025, 04:07:29 PM | Routes configured
ℹ️ [INFO] 06/06/2025, 04:07:29 PM | WebSocket server initialized
ℹ️ [INFO] 06/06/2025, 04:07:29 PM | Server running on port 8080
ℹ️ [INFO] 06/06/2025, 04:07:32 PM | Query for categories: {}
ℹ️ [INFO] 06/06/2025, 04:07:32 PM | No SEO found for category with ID: 684195d1a4922b68a1c6fd37
ℹ️ [INFO] 06/06/2025, 04:07:32 PM | No SEO found for category with ID: 68419602a4922b68a1c6fd5b
ℹ️ [INFO] 06/06/2025, 04:07:32 PM | No SEO found for category with ID: 684195f6a4922b68a1c6fd49
ℹ️ [INFO] 06/06/2025, 04:07:32 PM | No SEO found for category with ID: 684195c2a4922b68a1c6fd27
ℹ️ [INFO] 06/06/2025, 04:07:32 PM | Found categories: [{"_id":"68419602a4922b68a1c6fd5b","name":"گوشی سامسونگ","parentId":"684195c2a4922b68a1c6fd27","description":"بررسی و خرید جدیدترین گوشی‌های سامسونگ سری Galaxy با گارانتی معتبر","image":"/uploads/category/images/category-superadmin-68261c189793af40ff160090-20250605163506.jpeg","metaTitle":"خرید گوشی سامسونگ | سری Galaxy A، S، Z","metaDescription":"خرید اینترنتی گوشی سامسونگ با بهترین قیمت، از مدل‌های اقتصادی تا پرچمدار Galaxy S و Z Fold با گارانتی رسمی","createdAt":"2025-06-05T13:05:06.651Z","updatedAt":"2025-06-05T13:05:06.651Z","slug":"گوشی-سامسونگ","__v":0,"seo":{"metaTitle":"خرید گوشی سامسونگ | سری Galaxy A، S، Z","metaDescription":"خرید اینترنتی گوشی سامسونگ با بهترین قیمت، از مدل‌های اقتصادی تا پرچمدار Galaxy S و Z Fold با گارانتی رسمی","canonicalUrl":"https://yourwebsite.com/category/گوشی-سامسونگ","ogTitle":"خرید گوشی سامسونگ | سری Galaxy A، S، Z","ogDescription":"خرید اینترنتی گوشی سامسونگ با بهترین قیمت، از مدل‌های اقتصادی تا پرچمدار Galaxy S و Z Fold با گارانتی رسمی","ogImage":"/uploads/category/images/category-superadmin-68261c189793af40ff160090-20250605163506.jpeg","keywords":["گوشی سامسونگ","دسته‌بندی","فروشگاه آنلاین","خرید"]}},{"_id":"684195f6a4922b68a1c6fd49","name":"گوشی آیفون","parentId":"684195d1a4922b68a1c6fd37","description":"خرید انواع مدل‌های گوشی آیفون اپل با گارانتی معتبر و بهترین قیمت","image":"/uploads/category/images/category-superadmin-68261c189793af40ff160090-20250605163454.jpeg","metaTitle":"خرید آیفون | جدیدترین گوشی‌های Apple iPhone","metaDescription":"بررسی، مشخصات و خرید اینترنتی گوشی‌های آیفون Apple با بهترین قیمت بازار و تنوع مدل‌ها از آیفون 11 تا آیفون 15","createdAt":"2025-06-05T13:04:54.119Z","updatedAt":"2025-06-05T13:04:54.120Z","slug":"گوشی-آیفون","__v":0,"seo":{"metaTitle":"خرید آیفون | جدیدترین گوشی‌های Apple iPhone","metaDescription":"بررسی، مشخصات و خرید اینترنتی گوشی‌های آیفون Apple با بهترین قیمت بازار و تنوع مدل‌ها از آیفون 11 تا آیفون 15","canonicalUrl":"https://yourwebsite.com/category/گوشی-آیفون","ogTitle":"خرید آیفون | جدیدترین گوشی‌های Apple iPhone","ogDescription":"بررسی، مشخصات و خرید اینترنتی گوشی‌های آیفون Apple با بهترین قیمت بازار و تنوع مدل‌ها از آیفون 11 تا آیفون 15","ogImage":"/uploads/category/images/category-superadmin-68261c189793af40ff160090-20250605163454.jpeg","keywords":["گوشی آیفون","دسته‌بندی","فروشگاه آنلاین","خرید"]}},{"_id":"684195d1a4922b68a1c6fd37","name":"موبایل","parentId":"684195c2a4922b68a1c6fd27","description":"گوشی‌های هوشمند از برندهای متنوع مانند اپل، سامسونگ، شیائومی و ...","image":"/uploads/category/images/category-superadmin-68261c189793af40ff160090-20250605163417.jpeg","metaTitle":"خرید موبایل | گوشی هوشمند اندروید و آیفون","metaDescription":"انواع موبایل با بهترین قیمت از برندهای معتبر مانند سامسونگ، اپل، شیائومی، هواوی و دیگر برندهای محبوب در دسته‌بندی موبایل","createdAt":"2025-06-05T13:04:17.059Z","updatedAt":"2025-06-05T13:04:17.059Z","slug":"موبایل","__v":0,"seo":{"metaTitle":"خرید موبایل | گوشی هوشمند اندروید و آیفون","metaDescription":"انواع موبایل با بهترین قیمت از برندهای معتبر مانند سامسونگ، اپل، شیائومی، هواوی و دیگر برندهای محبوب در دسته‌بندی موبایل","canonicalUrl":"https://yourwebsite.com/category/موبایل","ogTitle":"خرید موبایل | گوشی هوشمند اندروید و آیفون","ogDescription":"انواع موبایل با بهترین قیمت از برندهای معتبر مانند سامسونگ، اپل، شیائومی، هواوی و دیگر برندهای محبوب در دسته‌بندی موبایل","ogImage":"/uploads/category/images/category-superadmin-68261c189793af40ff160090-20250605163417.jpeg","keywords":["موبایل","دسته‌بندی","فروشگاه آنلاین","خرید"]}},{"_id":"684195c2a4922b68a1c6fd27","name":"کالای دیجیتال","parentId":null,"description":"انواع محصولات الکترونیکی و تکنولوژی روز مانند گوشی موبایل، لپ‌تاپ، لوازم جانبی و بیشتر","image":"/uploads/category/images/category-superadmin-68261c189793af40ff160090-20250605163402.jpeg","metaTitle":"خرید کالای دیجیتال | موبایل، لپ‌تاپ، لوازم جانبی","metaDescription":"برترین فروشگاه برای خرید اینترنتی کالای دیجیتال شامل موبایل، لپ‌تاپ، هدفون، ساعت هوشمند و دیگر محصولات فناوری با قیمت مناسب","createdAt":"2025-06-05T13:04:02.246Z","updatedAt":"2025-06-05T13:04:02.249Z","slug":"کالای-دیجیتال","__v":0,"seo":{"metaTitle":"خرید کالای دیجیتال | موبایل، لپ‌تاپ، لوازم جانبی","metaDescription":"برترین فروشگاه برای خرید اینترنتی کالای دیجیتال شامل موبایل، لپ‌تاپ، هدفون، ساعت هوشمند و دیگر محصولات فناوری با قیمت مناسب","canonicalUrl":"https://yourwebsite.com/category/کالای-دیجیتال","ogTitle":"خرید کالای دیجیتال | موبایل، لپ‌تاپ، لوازم جانبی","ogDescription":"برترین فروشگاه برای خرید اینترنتی کالای دیجیتال شامل موبایل، لپ‌تاپ، هدفون، ساعت هوشمند و دیگر محصولات فناوری با قیمت مناسب","ogImage":"/uploads/category/images/category-superadmin-68261c189793af40ff160090-20250605163402.jpeg","keywords":["کالای دیجیتال","دسته‌بندی","فروشگاه آنلاین","خرید"]}}]
ℹ️ [INFO] 06/06/2025, 04:07:32 PM | Response before sending: {"data":[{"_id":"68419602a4922b68a1c6fd5b","name":"گوشی سامسونگ","parentId":"684195c2a4922b68a1c6fd27","description":"بررسی و خرید جدیدترین گوشی‌های سامسونگ سری Galaxy با گارانتی معتبر","image":"/uploads/category/images/category-superadmin-68261c189793af40ff160090-20250605163506.jpeg","metaTitle":"خرید گوشی سامسونگ | سری Galaxy A، S، Z","metaDescription":"خرید اینترنتی گوشی سامسونگ با بهترین قیمت، از مدل‌های اقتصادی تا پرچمدار Galaxy S و Z Fold با گارانتی رسمی","createdAt":"2025-06-05T13:05:06.651Z","updatedAt":"2025-06-05T13:05:06.651Z","slug":"گوشی-سامسونگ","__v":0,"seo":{"metaTitle":"خرید گوشی سامسونگ | سری Galaxy A، S، Z","metaDescription":"خرید اینترنتی گوشی سامسونگ با بهترین قیمت، از مدل‌های اقتصادی تا پرچمدار Galaxy S و Z Fold با گارانتی رسمی","canonicalUrl":"https://yourwebsite.com/category/گوشی-سامسونگ","ogTitle":"خرید گوشی سامسونگ | سری Galaxy A، S، Z","ogDescription":"خرید اینترنتی گوشی سامسونگ با بهترین قیمت، از مدل‌های اقتصادی تا پرچمدار Galaxy S و Z Fold با گارانتی رسمی","ogImage":"/uploads/category/images/category-superadmin-68261c189793af40ff160090-20250605163506.jpeg","keywords":["گوشی سامسونگ","دسته‌بندی","فروشگاه آنلاین","خرید"]}},{"_id":"684195f6a4922b68a1c6fd49","name":"گوشی آیفون","parentId":"684195d1a4922b68a1c6fd37","description":"خرید انواع مدل‌های گوشی آیفون اپل با گارانتی معتبر و بهترین قیمت","image":"/uploads/category/images/category-superadmin-68261c189793af40ff160090-20250605163454.jpeg","metaTitle":"خرید آیفون | جدیدترین گوشی‌های Apple iPhone","metaDescription":"بررسی، مشخصات و خرید اینترنتی گوشی‌های آیفون Apple با بهترین قیمت بازار و تنوع مدل‌ها از آیفون 11 تا آیفون 15","createdAt":"2025-06-05T13:04:54.119Z","updatedAt":"2025-06-05T13:04:54.120Z","slug":"گوشی-آیفون","__v":0,"seo":{"metaTitle":"خرید آیفون | جدیدترین گوشی‌های Apple iPhone","metaDescription":"بررسی، مشخصات و خرید اینترنتی گوشی‌های آیفون Apple با بهترین قیمت بازار و تنوع مدل‌ها از آیفون 11 تا آیفون 15","canonicalUrl":"https://yourwebsite.com/category/گوشی-آیفون","ogTitle":"خرید آیفون | جدیدترین گوشی‌های Apple iPhone","ogDescription":"بررسی، مشخصات و خرید اینترنتی گوشی‌های آیفون Apple با بهترین قیمت بازار و تنوع مدل‌ها از آیفون 11 تا آیفون 15","ogImage":"/uploads/category/images/category-superadmin-68261c189793af40ff160090-20250605163454.jpeg","keywords":["گوشی آیفون","دسته‌بندی","فروشگاه آنلاین","خرید"]}},{"_id":"684195d1a4922b68a1c6fd37","name":"موبایل","parentId":"684195c2a4922b68a1c6fd27","description":"گوشی‌های هوشمند از برندهای متنوع مانند اپل، سامسونگ، شیائومی و ...","image":"/uploads/category/images/category-superadmin-68261c189793af40ff160090-20250605163417.jpeg","metaTitle":"خرید موبایل | گوشی هوشمند اندروید و آیفون","metaDescription":"انواع موبایل با بهترین قیمت از برندهای معتبر مانند سامسونگ، اپل، شیائومی، هواوی و دیگر برندهای محبوب در دسته‌بندی موبایل","createdAt":"2025-06-05T13:04:17.059Z","updatedAt":"2025-06-05T13:04:17.059Z","slug":"موبایل","__v":0,"seo":{"metaTitle":"خرید موبایل | گوشی هوشمند اندروید و آیفون","metaDescription":"انواع موبایل با بهترین قیمت از برندهای معتبر مانند سامسونگ، اپل، شیائومی، هواوی و دیگر برندهای محبوب در دسته‌بندی موبایل","canonicalUrl":"https://yourwebsite.com/category/موبایل","ogTitle":"خرید موبایل | گوشی هوشمند اندروید و آیفون","ogDescription":"انواع موبایل با بهترین قیمت از برندهای معتبر مانند سامسونگ، اپل، شیائومی، هواوی و دیگر برندهای محبوب در دسته‌بندی موبایل","ogImage":"/uploads/category/images/category-superadmin-68261c189793af40ff160090-20250605163417.jpeg","keywords":["موبایل","دسته‌بندی","فروشگاه آنلاین","خرید"]}},{"_id":"684195c2a4922b68a1c6fd27","name":"کالای دیجیتال","parentId":null,"description":"انواع محصولات الکترونیکی و تکنولوژی روز مانند گوشی موبایل، لپ‌تاپ، لوازم جانبی و بیشتر","image":"/uploads/category/images/category-superadmin-68261c189793af40ff160090-20250605163402.jpeg","metaTitle":"خرید کالای دیجیتال | موبایل، لپ‌تاپ، لوازم جانبی","metaDescription":"برترین فروشگاه برای خرید اینترنتی کالای دیجیتال شامل موبایل، لپ‌تاپ، هدفون، ساعت هوشمند و دیگر محصولات فناوری با قیمت مناسب","createdAt":"2025-06-05T13:04:02.246Z","updatedAt":"2025-06-05T13:04:02.249Z","slug":"کالای-دیجیتال","__v":0,"seo":{"metaTitle":"خرید کالای دیجیتال | موبایل، لپ‌تاپ، لوازم جانبی","metaDescription":"برترین فروشگاه برای خرید اینترنتی کالای دیجیتال شامل موبایل، لپ‌تاپ، هدفون، ساعت هوشمند و دیگر محصولات فناوری با قیمت مناسب","canonicalUrl":"https://yourwebsite.com/category/کالای-دیجیتال","ogTitle":"خرید کالای دیجیتال | موبایل، لپ‌تاپ، لوازم جانبی","ogDescription":"برترین فروشگاه برای خرید اینترنتی کالای دیجیتال شامل موبایل، لپ‌تاپ، هدفون، ساعت هوشمند و دیگر محصولات فناوری با قیمت مناسب","ogImage":"/uploads/category/images/category-superadmin-68261c189793af40ff160090-20250605163402.jpeg","keywords":["کالای دیجیتال","دسته‌بندی","فروشگاه آنلاین","خرید"]}}],"meta":{"has_error":false,"message":null,"status":200},"attributes":{"metaTitle":"همه دسته‌بندی‌های محصولات | نام وب‌سایت","metaDescription":"انواع دسته‌بندی‌های محصولات ما را با توضیحات کامل و جزئیات کاوش کنید.","canonicalUrl":"https://yourwebsite.com/categories","ogTitle":"همه دسته‌بندی‌های محصولات | نام وب‌سایت","ogDescription":"انواع دسته‌بندی‌های محصولات ما را با توضیحات کامل و جزئیات کاوش کنید.","ogImage":"https://yourwebsite.com/images/category-list-og-image.jpg","keywords":["دسته‌بندی محصولات","فروشگاه آنلاین","خرید","محصولات"]}}
ℹ️ [INFO] 06/06/2025, 04:09:49 PM | MongoDB connected
ℹ️ [INFO] 06/06/2025, 04:09:49 PM | All plugins registered successfully
ℹ️ [INFO] 06/06/2025, 04:09:49 PM | Middlewares configured
ℹ️ [INFO] 06/06/2025, 04:09:49 PM | Helmet security headers enabled
ℹ️ [INFO] 06/06/2025, 04:09:49 PM | Rate limiting applied (100 reqs/min)
ℹ️ [INFO] 06/06/2025, 04:09:49 PM | CORS enabled
ℹ️ [INFO] 06/06/2025, 04:09:49 PM | Security middlewares fully configured
ℹ️ [INFO] 06/06/2025, 04:09:49 PM | Interceptors configured
ℹ️ [INFO] 06/06/2025, 04:09:49 PM | Routes configured
ℹ️ [INFO] 06/06/2025, 04:09:49 PM | WebSocket server initialized
ℹ️ [INFO] 06/06/2025, 04:09:50 PM | Server running on port 8080
ℹ️ [INFO] 06/06/2025, 04:09:59 PM | MongoDB connected
ℹ️ [INFO] 06/06/2025, 04:09:59 PM | All plugins registered successfully
ℹ️ [INFO] 06/06/2025, 04:09:59 PM | Middlewares configured
ℹ️ [INFO] 06/06/2025, 04:09:59 PM | Helmet security headers enabled
ℹ️ [INFO] 06/06/2025, 04:09:59 PM | Rate limiting applied (100 reqs/min)
ℹ️ [INFO] 06/06/2025, 04:09:59 PM | CORS enabled
ℹ️ [INFO] 06/06/2025, 04:09:59 PM | Security middlewares fully configured
ℹ️ [INFO] 06/06/2025, 04:09:59 PM | Interceptors configured
ℹ️ [INFO] 06/06/2025, 04:09:59 PM | Routes configured
ℹ️ [INFO] 06/06/2025, 04:09:59 PM | WebSocket server initialized
ℹ️ [INFO] 06/06/2025, 04:09:59 PM | Server running on port 8080
ℹ️ [INFO] 06/06/2025, 04:10:00 PM | MongoDB connected
ℹ️ [INFO] 06/06/2025, 04:10:00 PM | All plugins registered successfully
ℹ️ [INFO] 06/06/2025, 04:10:00 PM | Middlewares configured
ℹ️ [INFO] 06/06/2025, 04:10:00 PM | Helmet security headers enabled
ℹ️ [INFO] 06/06/2025, 04:10:00 PM | Rate limiting applied (100 reqs/min)
ℹ️ [INFO] 06/06/2025, 04:10:00 PM | CORS enabled
ℹ️ [INFO] 06/06/2025, 04:10:00 PM | Security middlewares fully configured
ℹ️ [INFO] 06/06/2025, 04:10:00 PM | Interceptors configured
ℹ️ [INFO] 06/06/2025, 04:10:00 PM | Routes configured
ℹ️ [INFO] 06/06/2025, 04:10:00 PM | WebSocket server initialized
ℹ️ [INFO] 06/06/2025, 04:10:00 PM | Server running on port 8080
ℹ️ [INFO] 06/06/2025, 04:11:03 PM | MongoDB connected
ℹ️ [INFO] 06/06/2025, 04:11:03 PM | All plugins registered successfully
ℹ️ [INFO] 06/06/2025, 04:11:03 PM | Middlewares configured
ℹ️ [INFO] 06/06/2025, 04:11:03 PM | Helmet security headers enabled
ℹ️ [INFO] 06/06/2025, 04:11:03 PM | Rate limiting applied (100 reqs/min)
ℹ️ [INFO] 06/06/2025, 04:11:03 PM | CORS enabled
ℹ️ [INFO] 06/06/2025, 04:11:03 PM | Security middlewares fully configured
ℹ️ [INFO] 06/06/2025, 04:11:03 PM | Interceptors configured
ℹ️ [INFO] 06/06/2025, 04:11:03 PM | Routes configured
ℹ️ [INFO] 06/06/2025, 04:11:03 PM | WebSocket server initialized
ℹ️ [INFO] 06/06/2025, 04:11:03 PM | Server running on port 8080
ℹ️ [INFO] 06/06/2025, 04:11:51 PM | MongoDB connected
ℹ️ [INFO] 06/06/2025, 04:11:51 PM | All plugins registered successfully
ℹ️ [INFO] 06/06/2025, 04:11:51 PM | Middlewares configured
ℹ️ [INFO] 06/06/2025, 04:11:51 PM | Helmet security headers enabled
ℹ️ [INFO] 06/06/2025, 04:11:51 PM | Rate limiting applied (100 reqs/min)
ℹ️ [INFO] 06/06/2025, 04:11:51 PM | CORS enabled
ℹ️ [INFO] 06/06/2025, 04:11:51 PM | Security middlewares fully configured
ℹ️ [INFO] 06/06/2025, 04:11:51 PM | Interceptors configured
ℹ️ [INFO] 06/06/2025, 04:11:51 PM | Routes configured
ℹ️ [INFO] 06/06/2025, 04:11:52 PM | WebSocket server initialized
ℹ️ [INFO] 06/06/2025, 04:11:52 PM | Server running on port 8080
ℹ️ [INFO] 06/06/2025, 04:12:00 PM | MongoDB connected
ℹ️ [INFO] 06/06/2025, 04:12:00 PM | All plugins registered successfully
ℹ️ [INFO] 06/06/2025, 04:12:00 PM | Middlewares configured
ℹ️ [INFO] 06/06/2025, 04:12:00 PM | Helmet security headers enabled
ℹ️ [INFO] 06/06/2025, 04:12:00 PM | Rate limiting applied (100 reqs/min)
ℹ️ [INFO] 06/06/2025, 04:12:00 PM | CORS enabled
ℹ️ [INFO] 06/06/2025, 04:12:00 PM | Security middlewares fully configured
ℹ️ [INFO] 06/06/2025, 04:12:00 PM | Interceptors configured
ℹ️ [INFO] 06/06/2025, 04:12:00 PM | Routes configured
ℹ️ [INFO] 06/06/2025, 04:12:00 PM | WebSocket server initialized
ℹ️ [INFO] 06/06/2025, 04:12:00 PM | Server running on port 8080
ℹ️ [INFO] 06/06/2025, 04:12:10 PM | MongoDB connected
ℹ️ [INFO] 06/06/2025, 04:12:11 PM | All plugins registered successfully
ℹ️ [INFO] 06/06/2025, 04:12:11 PM | Middlewares configured
ℹ️ [INFO] 06/06/2025, 04:12:11 PM | Helmet security headers enabled
ℹ️ [INFO] 06/06/2025, 04:12:11 PM | Rate limiting applied (100 reqs/min)
ℹ️ [INFO] 06/06/2025, 04:12:11 PM | CORS enabled
ℹ️ [INFO] 06/06/2025, 04:12:11 PM | Security middlewares fully configured
ℹ️ [INFO] 06/06/2025, 04:12:11 PM | Interceptors configured
ℹ️ [INFO] 06/06/2025, 04:12:11 PM | Routes configured
ℹ️ [INFO] 06/06/2025, 04:12:11 PM | WebSocket server initialized
ℹ️ [INFO] 06/06/2025, 04:12:11 PM | Server running on port 8080
ℹ️ [INFO] 06/06/2025, 04:12:12 PM | MongoDB connected
ℹ️ [INFO] 06/06/2025, 04:12:12 PM | All plugins registered successfully
ℹ️ [INFO] 06/06/2025, 04:12:12 PM | Middlewares configured
ℹ️ [INFO] 06/06/2025, 04:12:12 PM | Helmet security headers enabled
ℹ️ [INFO] 06/06/2025, 04:12:12 PM | Rate limiting applied (100 reqs/min)
ℹ️ [INFO] 06/06/2025, 04:12:12 PM | CORS enabled
ℹ️ [INFO] 06/06/2025, 04:12:12 PM | Security middlewares fully configured
ℹ️ [INFO] 06/06/2025, 04:12:12 PM | Interceptors configured
ℹ️ [INFO] 06/06/2025, 04:12:12 PM | Routes configured
ℹ️ [INFO] 06/06/2025, 04:12:12 PM | WebSocket server initialized
ℹ️ [INFO] 06/06/2025, 04:12:12 PM | Server running on port 8080
❗ [ERROR] 06/06/2025, 04:12:18 PM | Error fetching product: Product not found
❗ [ERROR] 06/06/2025, 04:12:18 PM | Error fetching product: Product not found
❗ [ERROR] 06/06/2025, 04:12:28 PM | Error fetching products: seoService is not defined
ℹ️ [INFO] 06/06/2025, 04:12:40 PM | MongoDB connected
ℹ️ [INFO] 06/06/2025, 04:12:40 PM | All plugins registered successfully
ℹ️ [INFO] 06/06/2025, 04:12:40 PM | Middlewares configured
ℹ️ [INFO] 06/06/2025, 04:12:40 PM | Helmet security headers enabled
ℹ️ [INFO] 06/06/2025, 04:12:40 PM | Rate limiting applied (100 reqs/min)
ℹ️ [INFO] 06/06/2025, 04:12:40 PM | CORS enabled
ℹ️ [INFO] 06/06/2025, 04:12:40 PM | Security middlewares fully configured
ℹ️ [INFO] 06/06/2025, 04:12:40 PM | Interceptors configured
ℹ️ [INFO] 06/06/2025, 04:12:40 PM | Routes configured
ℹ️ [INFO] 06/06/2025, 04:12:40 PM | WebSocket server initialized
ℹ️ [INFO] 06/06/2025, 04:12:40 PM | Server running on port 8080
ℹ️ [INFO] 06/06/2025, 04:12:52 PM | Product list retrieved by unauthenticated user
ℹ️ [INFO] 06/06/2025, 04:23:18 PM | Product 6841ab8723b205343f901804
❗ [ERROR] 06/06/2025, 04:51:39 PM | Error fetching product: Product not found
❗ [ERROR] 06/06/2025, 04:51:39 PM | Error fetching product: Product not found
❗ [ERROR] 06/06/2025, 04:52:18 PM | Error fetching product: Product not found
❗ [ERROR] 06/06/2025, 04:52:18 PM | Error fetching product: Product not found
ℹ️ [INFO] 06/06/2025, 10:24:48 PM | MongoDB connected
ℹ️ [INFO] 06/06/2025, 10:24:48 PM | All plugins registered successfully
ℹ️ [INFO] 06/06/2025, 10:24:48 PM | Middlewares configured
ℹ️ [INFO] 06/06/2025, 10:24:48 PM | Helmet security headers enabled
ℹ️ [INFO] 06/06/2025, 10:24:48 PM | Rate limiting applied (100 reqs/min)
ℹ️ [INFO] 06/06/2025, 10:24:48 PM | CORS enabled
ℹ️ [INFO] 06/06/2025, 10:24:48 PM | Security middlewares fully configured
ℹ️ [INFO] 06/06/2025, 10:24:48 PM | Interceptors configured
ℹ️ [INFO] 06/06/2025, 10:24:48 PM | Routes configured
ℹ️ [INFO] 06/06/2025, 10:24:48 PM | WebSocket server initialized
ℹ️ [INFO] 06/06/2025, 10:24:48 PM | Server running on port 8080
ℹ️ [INFO] 06/06/2025, 10:24:52 PM | Product 6841ab8723b205343f901804
❗ [ERROR] 06/06/2025, 10:34:22 PM | Error fetching categories: categoryService.getCategories is not a function
❗ [ERROR] 06/06/2025, 10:34:23 PM | Error fetching categories: categoryService.getCategories is not a function
❗ [ERROR] 06/06/2025, 10:34:25 PM | Error fetching categories: categoryService.getCategories is not a function
❗ [ERROR] 06/06/2025, 10:34:30 PM | Error fetching categories: categoryService.getCategories is not a function
❗ [ERROR] 06/06/2025, 10:34:31 PM | Error fetching categories: categoryService.getCategories is not a function
❗ [ERROR] 06/06/2025, 10:34:32 PM | Error fetching categories: categoryService.getCategories is not a function
❗ [ERROR] 06/06/2025, 10:34:34 PM | Error fetching categories: categoryService.getCategories is not a function
❗ [ERROR] 06/06/2025, 10:34:38 PM | Error fetching categories: categoryService.getCategories is not a function
❗ [ERROR] 06/06/2025, 10:34:45 PM | Error fetching categories: categoryService.getCategories is not a function
❗ [ERROR] 06/06/2025, 10:34:52 PM | Error fetching categories: categoryService.getCategories is not a function
❗ [ERROR] 06/06/2025, 10:34:52 PM | Error fetching categories: categoryService.getCategories is not a function
❗ [ERROR] 06/06/2025, 10:34:53 PM | Error fetching categories: categoryService.getCategories is not a function
❗ [ERROR] 06/06/2025, 10:34:55 PM | Error fetching categories: categoryService.getCategories is not a function
❗ [ERROR] 06/06/2025, 10:34:59 PM | Error fetching categories: categoryService.getCategories is not a function
❗ [ERROR] 06/06/2025, 10:35:10 PM | Error fetching categories: categoryService.getCategories is not a function
❗ [ERROR] 06/06/2025, 10:35:11 PM | Error fetching categories: categoryService.getCategories is not a function
❗ [ERROR] 06/06/2025, 10:35:13 PM | Error fetching categories: categoryService.getCategories is not a function
❗ [ERROR] 06/06/2025, 10:35:17 PM | Error fetching categories: categoryService.getCategories is not a function
❗ [ERROR] 06/06/2025, 10:35:18 PM | Error fetching categories: categoryService.getCategories is not a function
❗ [ERROR] 06/06/2025, 10:35:20 PM | Error fetching categories: categoryService.getCategories is not a function
❗ [ERROR] 06/06/2025, 10:35:22 PM | Error fetching categories: categoryService.getCategories is not a function
❗ [ERROR] 06/06/2025, 10:35:25 PM | Error fetching categories: categoryService.getCategories is not a function
❗ [ERROR] 06/06/2025, 10:35:26 PM | Error fetching categories: categoryService.getCategories is not a function
❗ [ERROR] 06/06/2025, 10:35:27 PM | Error fetching categories: categoryService.getCategories is not a function
❗ [ERROR] 06/06/2025, 10:35:29 PM | Error fetching categories: categoryService.getCategories is not a function
❗ [ERROR] 06/06/2025, 10:35:33 PM | Error fetching categories: categoryService.getCategories is not a function
ℹ️ [INFO] 06/06/2025, 10:37:28 PM | MongoDB connected
ℹ️ [INFO] 06/06/2025, 10:37:28 PM | All plugins registered successfully
ℹ️ [INFO] 06/06/2025, 10:37:28 PM | Middlewares configured
ℹ️ [INFO] 06/06/2025, 10:37:28 PM | Helmet security headers enabled
ℹ️ [INFO] 06/06/2025, 10:37:28 PM | Rate limiting applied (100 reqs/min)
ℹ️ [INFO] 06/06/2025, 10:37:28 PM | CORS enabled
ℹ️ [INFO] 06/06/2025, 10:37:28 PM | Security middlewares fully configured
ℹ️ [INFO] 06/06/2025, 10:37:28 PM | Interceptors configured
ℹ️ [INFO] 06/06/2025, 10:37:28 PM | Routes configured
ℹ️ [INFO] 06/06/2025, 10:37:28 PM | WebSocket server initialized
ℹ️ [INFO] 06/06/2025, 10:37:28 PM | Server running on port 8080
ℹ️ [INFO] 06/06/2025, 10:37:44 PM | Query for categories: {}
ℹ️ [INFO] 06/06/2025, 10:37:44 PM | Found categories: [{"_id":"68419602a4922b68a1c6fd5b","name":"گوشی سامسونگ","parentId":"684195c2a4922b68a1c6fd27","description":"بررسی و خرید جدیدترین گوشی‌های سامسونگ سری Galaxy با گارانتی معتبر","image":"/uploads/category/images/category-superadmin-68261c189793af40ff160090-20250605163506.jpeg","metaTitle":"خرید گوشی سامسونگ | سری Galaxy A، S، Z","metaDescription":"خرید اینترنتی گوشی سامسونگ با بهترین قیمت، از مدل‌های اقتصادی تا پرچمدار Galaxy S و Z Fold با گارانتی رسمی","createdAt":"2025-06-05T13:05:06.651Z","updatedAt":"2025-06-05T13:05:06.651Z","slug":"گوشی-سامسونگ","__v":0},{"_id":"684195f6a4922b68a1c6fd49","name":"گوشی آیفون","parentId":"684195d1a4922b68a1c6fd37","description":"خرید انواع مدل‌های گوشی آیفون اپل با گارانتی معتبر و بهترین قیمت","image":"/uploads/category/images/category-superadmin-68261c189793af40ff160090-20250605163454.jpeg","metaTitle":"خرید آیفون | جدیدترین گوشی‌های Apple iPhone","metaDescription":"بررسی، مشخصات و خرید اینترنتی گوشی‌های آیفون Apple با بهترین قیمت بازار و تنوع مدل‌ها از آیفون 11 تا آیفون 15","createdAt":"2025-06-05T13:04:54.119Z","updatedAt":"2025-06-05T13:04:54.120Z","slug":"گوشی-آیفون","__v":0},{"_id":"684195d1a4922b68a1c6fd37","name":"موبایل","parentId":"684195c2a4922b68a1c6fd27","description":"گوشی‌های هوشمند از برندهای متنوع مانند اپل، سامسونگ، شیائومی و ...","image":"/uploads/category/images/category-superadmin-68261c189793af40ff160090-20250605163417.jpeg","metaTitle":"خرید موبایل | گوشی هوشمند اندروید و آیفون","metaDescription":"انواع موبایل با بهترین قیمت از برندهای معتبر مانند سامسونگ، اپل، شیائومی، هواوی و دیگر برندهای محبوب در دسته‌بندی موبایل","createdAt":"2025-06-05T13:04:17.059Z","updatedAt":"2025-06-05T13:04:17.059Z","slug":"موبایل","__v":0},{"_id":"684195c2a4922b68a1c6fd27","name":"کالای دیجیتال","parentId":null,"description":"انواع محصولات الکترونیکی و تکنولوژی روز مانند گوشی موبایل، لپ‌تاپ، لوازم جانبی و بیشتر","image":"/uploads/category/images/category-superadmin-68261c189793af40ff160090-20250605163402.jpeg","metaTitle":"خرید کالای دیجیتال | موبایل، لپ‌تاپ، لوازم جانبی","metaDescription":"برترین فروشگاه برای خرید اینترنتی کالای دیجیتال شامل موبایل، لپ‌تاپ، هدفون، ساعت هوشمند و دیگر محصولات فناوری با قیمت مناسب","createdAt":"2025-06-05T13:04:02.246Z","updatedAt":"2025-06-05T13:04:02.249Z","slug":"کالای-دیجیتال","__v":0}]
ℹ️ [INFO] 06/06/2025, 10:37:44 PM | Query for categories: {}
ℹ️ [INFO] 06/06/2025, 10:37:44 PM | Found categories: [{"_id":"68419602a4922b68a1c6fd5b","name":"گوشی سامسونگ","parentId":"684195c2a4922b68a1c6fd27","description":"بررسی و خرید جدیدترین گوشی‌های سامسونگ سری Galaxy با گارانتی معتبر","image":"/uploads/category/images/category-superadmin-68261c189793af40ff160090-20250605163506.jpeg","metaTitle":"خرید گوشی سامسونگ | سری Galaxy A، S، Z","metaDescription":"خرید اینترنتی گوشی سامسونگ با بهترین قیمت، از مدل‌های اقتصادی تا پرچمدار Galaxy S و Z Fold با گارانتی رسمی","createdAt":"2025-06-05T13:05:06.651Z","updatedAt":"2025-06-05T13:05:06.651Z","slug":"گوشی-سامسونگ","__v":0},{"_id":"684195f6a4922b68a1c6fd49","name":"گوشی آیفون","parentId":"684195d1a4922b68a1c6fd37","description":"خرید انواع مدل‌های گوشی آیفون اپل با گارانتی معتبر و بهترین قیمت","image":"/uploads/category/images/category-superadmin-68261c189793af40ff160090-20250605163454.jpeg","metaTitle":"خرید آیفون | جدیدترین گوشی‌های Apple iPhone","metaDescription":"بررسی، مشخصات و خرید اینترنتی گوشی‌های آیفون Apple با بهترین قیمت بازار و تنوع مدل‌ها از آیفون 11 تا آیفون 15","createdAt":"2025-06-05T13:04:54.119Z","updatedAt":"2025-06-05T13:04:54.120Z","slug":"گوشی-آیفون","__v":0},{"_id":"684195d1a4922b68a1c6fd37","name":"موبایل","parentId":"684195c2a4922b68a1c6fd27","description":"گوشی‌های هوشمند از برندهای متنوع مانند اپل، سامسونگ، شیائومی و ...","image":"/uploads/category/images/category-superadmin-68261c189793af40ff160090-20250605163417.jpeg","metaTitle":"خرید موبایل | گوشی هوشمند اندروید و آیفون","metaDescription":"انواع موبایل با بهترین قیمت از برندهای معتبر مانند سامسونگ، اپل، شیائومی، هواوی و دیگر برندهای محبوب در دسته‌بندی موبایل","createdAt":"2025-06-05T13:04:17.059Z","updatedAt":"2025-06-05T13:04:17.059Z","slug":"موبایل","__v":0},{"_id":"684195c2a4922b68a1c6fd27","name":"کالای دیجیتال","parentId":null,"description":"انواع محصولات الکترونیکی و تکنولوژی روز مانند گوشی موبایل، لپ‌تاپ، لوازم جانبی و بیشتر","image":"/uploads/category/images/category-superadmin-68261c189793af40ff160090-20250605163402.jpeg","metaTitle":"خرید کالای دیجیتال | موبایل، لپ‌تاپ، لوازم جانبی","metaDescription":"برترین فروشگاه برای خرید اینترنتی کالای دیجیتال شامل موبایل، لپ‌تاپ، هدفون، ساعت هوشمند و دیگر محصولات فناوری با قیمت مناسب","createdAt":"2025-06-05T13:04:02.246Z","updatedAt":"2025-06-05T13:04:02.249Z","slug":"کالای-دیجیتال","__v":0}]
ℹ️ [INFO] 06/06/2025, 10:45:12 PM | MongoDB connected
ℹ️ [INFO] 06/06/2025, 10:45:12 PM | All plugins registered successfully
ℹ️ [INFO] 06/06/2025, 10:45:12 PM | Middlewares configured
ℹ️ [INFO] 06/06/2025, 10:45:12 PM | Helmet security headers enabled
ℹ️ [INFO] 06/06/2025, 10:45:12 PM | Rate limiting applied (100 reqs/min)
ℹ️ [INFO] 06/06/2025, 10:45:12 PM | CORS enabled
ℹ️ [INFO] 06/06/2025, 10:45:12 PM | Security middlewares fully configured
ℹ️ [INFO] 06/06/2025, 10:45:12 PM | Interceptors configured
ℹ️ [INFO] 06/06/2025, 10:45:12 PM | Routes configured
ℹ️ [INFO] 06/06/2025, 10:45:12 PM | WebSocket server initialized
ℹ️ [INFO] 06/06/2025, 10:45:12 PM | Server running on port 8080
ℹ️ [INFO] 06/06/2025, 10:45:13 PM | MongoDB connected
ℹ️ [INFO] 06/06/2025, 10:45:14 PM | All plugins registered successfully
ℹ️ [INFO] 06/06/2025, 10:45:14 PM | Middlewares configured
ℹ️ [INFO] 06/06/2025, 10:45:14 PM | Helmet security headers enabled
ℹ️ [INFO] 06/06/2025, 10:45:14 PM | Rate limiting applied (100 reqs/min)
ℹ️ [INFO] 06/06/2025, 10:45:14 PM | CORS enabled
ℹ️ [INFO] 06/06/2025, 10:45:14 PM | Security middlewares fully configured
ℹ️ [INFO] 06/06/2025, 10:45:14 PM | Interceptors configured
ℹ️ [INFO] 06/06/2025, 10:45:14 PM | Routes configured
ℹ️ [INFO] 06/06/2025, 10:45:14 PM | WebSocket server initialized
ℹ️ [INFO] 06/06/2025, 10:45:14 PM | Server running on port 8080
ℹ️ [INFO] 06/06/2025, 10:45:25 PM | MongoDB connected
ℹ️ [INFO] 06/06/2025, 10:45:25 PM | All plugins registered successfully
ℹ️ [INFO] 06/06/2025, 10:45:25 PM | Middlewares configured
ℹ️ [INFO] 06/06/2025, 10:45:25 PM | Helmet security headers enabled
ℹ️ [INFO] 06/06/2025, 10:45:25 PM | Rate limiting applied (100 reqs/min)
ℹ️ [INFO] 06/06/2025, 10:45:25 PM | CORS enabled
ℹ️ [INFO] 06/06/2025, 10:45:25 PM | Security middlewares fully configured
ℹ️ [INFO] 06/06/2025, 10:45:25 PM | Interceptors configured
ℹ️ [INFO] 06/06/2025, 10:45:25 PM | Routes configured
ℹ️ [INFO] 06/06/2025, 10:45:25 PM | WebSocket server initialized
ℹ️ [INFO] 06/06/2025, 10:45:26 PM | Server running on port 8080
ℹ️ [INFO] 06/06/2025, 10:45:30 PM | MongoDB connected
ℹ️ [INFO] 06/06/2025, 10:45:30 PM | All plugins registered successfully
ℹ️ [INFO] 06/06/2025, 10:45:30 PM | Middlewares configured
ℹ️ [INFO] 06/06/2025, 10:45:30 PM | Helmet security headers enabled
ℹ️ [INFO] 06/06/2025, 10:45:30 PM | Rate limiting applied (100 reqs/min)
ℹ️ [INFO] 06/06/2025, 10:45:30 PM | CORS enabled
ℹ️ [INFO] 06/06/2025, 10:45:30 PM | Security middlewares fully configured
ℹ️ [INFO] 06/06/2025, 10:45:30 PM | Interceptors configured
ℹ️ [INFO] 06/06/2025, 10:45:30 PM | Routes configured
ℹ️ [INFO] 06/06/2025, 10:45:30 PM | WebSocket server initialized
ℹ️ [INFO] 06/06/2025, 10:45:30 PM | Server running on port 8080
ℹ️ [INFO] 06/06/2025, 10:45:33 PM | Query for categories: {}
ℹ️ [INFO] 06/06/2025, 10:45:33 PM | No SEO found for category with ID: 68419602a4922b68a1c6fd5b
ℹ️ [INFO] 06/06/2025, 10:45:33 PM | No SEO found for category with ID: 684195f6a4922b68a1c6fd49
ℹ️ [INFO] 06/06/2025, 10:45:33 PM | No SEO found for category with ID: 684195d1a4922b68a1c6fd37
ℹ️ [INFO] 06/06/2025, 10:45:33 PM | No SEO found for category with ID: 684195c2a4922b68a1c6fd27
ℹ️ [INFO] 06/06/2025, 10:45:33 PM | Found categories: [{"_id":"68419602a4922b68a1c6fd5b","name":"گوشی سامسونگ","parentId":"684195c2a4922b68a1c6fd27","description":"بررسی و خرید جدیدترین گوشی‌های سامسونگ سری Galaxy با گارانتی معتبر","image":"/uploads/category/images/category-superadmin-68261c189793af40ff160090-20250605163506.jpeg","metaTitle":"خرید گوشی سامسونگ | سری Galaxy A، S، Z","metaDescription":"خرید اینترنتی گوشی سامسونگ با بهترین قیمت، از مدل‌های اقتصادی تا پرچمدار Galaxy S و Z Fold با گارانتی رسمی","createdAt":"2025-06-05T13:05:06.651Z","updatedAt":"2025-06-05T13:05:06.651Z","slug":"گوشی-سامسونگ","__v":0,"seo":{"metaTitle":"خرید گوشی سامسونگ | سری Galaxy A، S، Z","metaDescription":"خرید اینترنتی گوشی سامسونگ با بهترین قیمت، از مدل‌های اقتصادی تا پرچمدار Galaxy S و Z Fold با گارانتی رسمی","canonicalUrl":"https://yourwebsite.com/category/گوشی-سامسونگ","ogTitle":"خرید گوشی سامسونگ | سری Galaxy A، S، Z","ogDescription":"خرید اینترنتی گوشی سامسونگ با بهترین قیمت، از مدل‌های اقتصادی تا پرچمدار Galaxy S و Z Fold با گارانتی رسمی","ogImage":"/uploads/category/images/category-superadmin-68261c189793af40ff160090-20250605163506.jpeg","keywords":["گوشی سامسونگ","دسته‌بندی","فروشگاه آنلاین","خرید"]}},{"_id":"684195f6a4922b68a1c6fd49","name":"گوشی آیفون","parentId":"684195d1a4922b68a1c6fd37","description":"خرید انواع مدل‌های گوشی آیفون اپل با گارانتی معتبر و بهترین قیمت","image":"/uploads/category/images/category-superadmin-68261c189793af40ff160090-20250605163454.jpeg","metaTitle":"خرید آیفون | جدیدترین گوشی‌های Apple iPhone","metaDescription":"بررسی، مشخصات و خرید اینترنتی گوشی‌های آیفون Apple با بهترین قیمت بازار و تنوع مدل‌ها از آیفون 11 تا آیفون 15","createdAt":"2025-06-05T13:04:54.119Z","updatedAt":"2025-06-05T13:04:54.120Z","slug":"گوشی-آیفون","__v":0,"seo":{"metaTitle":"خرید آیفون | جدیدترین گوشی‌های Apple iPhone","metaDescription":"بررسی، مشخصات و خرید اینترنتی گوشی‌های آیفون Apple با بهترین قیمت بازار و تنوع مدل‌ها از آیفون 11 تا آیفون 15","canonicalUrl":"https://yourwebsite.com/category/گوشی-آیفون","ogTitle":"خرید آیفون | جدیدترین گوشی‌های Apple iPhone","ogDescription":"بررسی، مشخصات و خرید اینترنتی گوشی‌های آیفون Apple با بهترین قیمت بازار و تنوع مدل‌ها از آیفون 11 تا آیفون 15","ogImage":"/uploads/category/images/category-superadmin-68261c189793af40ff160090-20250605163454.jpeg","keywords":["گوشی آیفون","دسته‌بندی","فروشگاه آنلاین","خرید"]}},{"_id":"684195d1a4922b68a1c6fd37","name":"موبایل","parentId":"684195c2a4922b68a1c6fd27","description":"گوشی‌های هوشمند از برندهای متنوع مانند اپل، سامسونگ، شیائومی و ...","image":"/uploads/category/images/category-superadmin-68261c189793af40ff160090-20250605163417.jpeg","metaTitle":"خرید موبایل | گوشی هوشمند اندروید و آیفون","metaDescription":"انواع موبایل با بهترین قیمت از برندهای معتبر مانند سامسونگ، اپل، شیائومی، هواوی و دیگر برندهای محبوب در دسته‌بندی موبایل","createdAt":"2025-06-05T13:04:17.059Z","updatedAt":"2025-06-05T13:04:17.059Z","slug":"موبایل","__v":0,"seo":{"metaTitle":"خرید موبایل | گوشی هوشمند اندروید و آیفون","metaDescription":"انواع موبایل با بهترین قیمت از برندهای معتبر مانند سامسونگ، اپل، شیائومی، هواوی و دیگر برندهای محبوب در دسته‌بندی موبایل","canonicalUrl":"https://yourwebsite.com/category/موبایل","ogTitle":"خرید موبایل | گوشی هوشمند اندروید و آیفون","ogDescription":"انواع موبایل با بهترین قیمت از برندهای معتبر مانند سامسونگ، اپل، شیائومی، هواوی و دیگر برندهای محبوب در دسته‌بندی موبایل","ogImage":"/uploads/category/images/category-superadmin-68261c189793af40ff160090-20250605163417.jpeg","keywords":["موبایل","دسته‌بندی","فروشگاه آنلاین","خرید"]}},{"_id":"684195c2a4922b68a1c6fd27","name":"کالای دیجیتال","parentId":null,"description":"انواع محصولات الکترونیکی و تکنولوژی روز مانند گوشی موبایل، لپ‌تاپ، لوازم جانبی و بیشتر","image":"/uploads/category/images/category-superadmin-68261c189793af40ff160090-20250605163402.jpeg","metaTitle":"خرید کالای دیجیتال | موبایل، لپ‌تاپ، لوازم جانبی","metaDescription":"برترین فروشگاه برای خرید اینترنتی کالای دیجیتال شامل موبایل، لپ‌تاپ، هدفون، ساعت هوشمند و دیگر محصولات فناوری با قیمت مناسب","createdAt":"2025-06-05T13:04:02.246Z","updatedAt":"2025-06-05T13:04:02.249Z","slug":"کالای-دیجیتال","__v":0,"seo":{"metaTitle":"خرید کالای دیجیتال | موبایل، لپ‌تاپ، لوازم جانبی","metaDescription":"برترین فروشگاه برای خرید اینترنتی کالای دیجیتال شامل موبایل، لپ‌تاپ، هدفون، ساعت هوشمند و دیگر محصولات فناوری با قیمت مناسب","canonicalUrl":"https://yourwebsite.com/category/کالای-دیجیتال","ogTitle":"خرید کالای دیجیتال | موبایل، لپ‌تاپ، لوازم جانبی","ogDescription":"برترین فروشگاه برای خرید اینترنتی کالای دیجیتال شامل موبایل، لپ‌تاپ، هدفون، ساعت هوشمند و دیگر محصولات فناوری با قیمت مناسب","ogImage":"/uploads/category/images/category-superadmin-68261c189793af40ff160090-20250605163402.jpeg","keywords":["کالای دیجیتال","دسته‌بندی","فروشگاه آنلاین","خرید"]}}]
ℹ️ [INFO] 06/06/2025, 10:45:34 PM | Query for categories: {}
ℹ️ [INFO] 06/06/2025, 10:45:34 PM | No SEO found for category with ID: 684195d1a4922b68a1c6fd37
ℹ️ [INFO] 06/06/2025, 10:45:34 PM | No SEO found for category with ID: 684195f6a4922b68a1c6fd49
ℹ️ [INFO] 06/06/2025, 10:45:34 PM | No SEO found for category with ID: 684195c2a4922b68a1c6fd27
ℹ️ [INFO] 06/06/2025, 10:45:34 PM | No SEO found for category with ID: 68419602a4922b68a1c6fd5b
ℹ️ [INFO] 06/06/2025, 10:45:34 PM | Found categories: [{"_id":"68419602a4922b68a1c6fd5b","name":"گوشی سامسونگ","parentId":"684195c2a4922b68a1c6fd27","description":"بررسی و خرید جدیدترین گوشی‌های سامسونگ سری Galaxy با گارانتی معتبر","image":"/uploads/category/images/category-superadmin-68261c189793af40ff160090-20250605163506.jpeg","metaTitle":"خرید گوشی سامسونگ | سری Galaxy A، S، Z","metaDescription":"خرید اینترنتی گوشی سامسونگ با بهترین قیمت، از مدل‌های اقتصادی تا پرچمدار Galaxy S و Z Fold با گارانتی رسمی","createdAt":"2025-06-05T13:05:06.651Z","updatedAt":"2025-06-05T13:05:06.651Z","slug":"گوشی-سامسونگ","__v":0,"seo":{"metaTitle":"خرید گوشی سامسونگ | سری Galaxy A، S، Z","metaDescription":"خرید اینترنتی گوشی سامسونگ با بهترین قیمت، از مدل‌های اقتصادی تا پرچمدار Galaxy S و Z Fold با گارانتی رسمی","canonicalUrl":"https://yourwebsite.com/category/گوشی-سامسونگ","ogTitle":"خرید گوشی سامسونگ | سری Galaxy A، S، Z","ogDescription":"خرید اینترنتی گوشی سامسونگ با بهترین قیمت، از مدل‌های اقتصادی تا پرچمدار Galaxy S و Z Fold با گارانتی رسمی","ogImage":"/uploads/category/images/category-superadmin-68261c189793af40ff160090-20250605163506.jpeg","keywords":["گوشی سامسونگ","دسته‌بندی","فروشگاه آنلاین","خرید"]}},{"_id":"684195f6a4922b68a1c6fd49","name":"گوشی آیفون","parentId":"684195d1a4922b68a1c6fd37","description":"خرید انواع مدل‌های گوشی آیفون اپل با گارانتی معتبر و بهترین قیمت","image":"/uploads/category/images/category-superadmin-68261c189793af40ff160090-20250605163454.jpeg","metaTitle":"خرید آیفون | جدیدترین گوشی‌های Apple iPhone","metaDescription":"بررسی، مشخصات و خرید اینترنتی گوشی‌های آیفون Apple با بهترین قیمت بازار و تنوع مدل‌ها از آیفون 11 تا آیفون 15","createdAt":"2025-06-05T13:04:54.119Z","updatedAt":"2025-06-05T13:04:54.120Z","slug":"گوشی-آیفون","__v":0,"seo":{"metaTitle":"خرید آیفون | جدیدترین گوشی‌های Apple iPhone","metaDescription":"بررسی، مشخصات و خرید اینترنتی گوشی‌های آیفون Apple با بهترین قیمت بازار و تنوع مدل‌ها از آیفون 11 تا آیفون 15","canonicalUrl":"https://yourwebsite.com/category/گوشی-آیفون","ogTitle":"خرید آیفون | جدیدترین گوشی‌های Apple iPhone","ogDescription":"بررسی، مشخصات و خرید اینترنتی گوشی‌های آیفون Apple با بهترین قیمت بازار و تنوع مدل‌ها از آیفون 11 تا آیفون 15","ogImage":"/uploads/category/images/category-superadmin-68261c189793af40ff160090-20250605163454.jpeg","keywords":["گوشی آیفون","دسته‌بندی","فروشگاه آنلاین","خرید"]}},{"_id":"684195d1a4922b68a1c6fd37","name":"موبایل","parentId":"684195c2a4922b68a1c6fd27","description":"گوشی‌های هوشمند از برندهای متنوع مانند اپل، سامسونگ، شیائومی و ...","image":"/uploads/category/images/category-superadmin-68261c189793af40ff160090-20250605163417.jpeg","metaTitle":"خرید موبایل | گوشی هوشمند اندروید و آیفون","metaDescription":"انواع موبایل با بهترین قیمت از برندهای معتبر مانند سامسونگ، اپل، شیائومی، هواوی و دیگر برندهای محبوب در دسته‌بندی موبایل","createdAt":"2025-06-05T13:04:17.059Z","updatedAt":"2025-06-05T13:04:17.059Z","slug":"موبایل","__v":0,"seo":{"metaTitle":"خرید موبایل | گوشی هوشمند اندروید و آیفون","metaDescription":"انواع موبایل با بهترین قیمت از برندهای معتبر مانند سامسونگ، اپل، شیائومی، هواوی و دیگر برندهای محبوب در دسته‌بندی موبایل","canonicalUrl":"https://yourwebsite.com/category/موبایل","ogTitle":"خرید موبایل | گوشی هوشمند اندروید و آیفون","ogDescription":"انواع موبایل با بهترین قیمت از برندهای معتبر مانند سامسونگ، اپل، شیائومی، هواوی و دیگر برندهای محبوب در دسته‌بندی موبایل","ogImage":"/uploads/category/images/category-superadmin-68261c189793af40ff160090-20250605163417.jpeg","keywords":["موبایل","دسته‌بندی","فروشگاه آنلاین","خرید"]}},{"_id":"684195c2a4922b68a1c6fd27","name":"کالای دیجیتال","parentId":null,"description":"انواع محصولات الکترونیکی و تکنولوژی روز مانند گوشی موبایل، لپ‌تاپ، لوازم جانبی و بیشتر","image":"/uploads/category/images/category-superadmin-68261c189793af40ff160090-20250605163402.jpeg","metaTitle":"خرید کالای دیجیتال | موبایل، لپ‌تاپ، لوازم جانبی","metaDescription":"برترین فروشگاه برای خرید اینترنتی کالای دیجیتال شامل موبایل، لپ‌تاپ، هدفون، ساعت هوشمند و دیگر محصولات فناوری با قیمت مناسب","createdAt":"2025-06-05T13:04:02.246Z","updatedAt":"2025-06-05T13:04:02.249Z","slug":"کالای-دیجیتال","__v":0,"seo":{"metaTitle":"خرید کالای دیجیتال | موبایل، لپ‌تاپ، لوازم جانبی","metaDescription":"برترین فروشگاه برای خرید اینترنتی کالای دیجیتال شامل موبایل، لپ‌تاپ، هدفون، ساعت هوشمند و دیگر محصولات فناوری با قیمت مناسب","canonicalUrl":"https://yourwebsite.com/category/کالای-دیجیتال","ogTitle":"خرید کالای دیجیتال | موبایل، لپ‌تاپ، لوازم جانبی","ogDescription":"برترین فروشگاه برای خرید اینترنتی کالای دیجیتال شامل موبایل، لپ‌تاپ، هدفون، ساعت هوشمند و دیگر محصولات فناوری با قیمت مناسب","ogImage":"/uploads/category/images/category-superadmin-68261c189793af40ff160090-20250605163402.jpeg","keywords":["کالای دیجیتال","دسته‌بندی","فروشگاه آنلاین","خرید"]}}]
ℹ️ [INFO] 06/06/2025, 10:45:34 PM | Query for categories: {}
ℹ️ [INFO] 06/06/2025, 10:45:34 PM | No SEO found for category with ID: 684195d1a4922b68a1c6fd37
ℹ️ [INFO] 06/06/2025, 10:45:34 PM | No SEO found for category with ID: 68419602a4922b68a1c6fd5b
ℹ️ [INFO] 06/06/2025, 10:45:34 PM | No SEO found for category with ID: 684195f6a4922b68a1c6fd49
ℹ️ [INFO] 06/06/2025, 10:45:34 PM | No SEO found for category with ID: 684195c2a4922b68a1c6fd27
ℹ️ [INFO] 06/06/2025, 10:45:34 PM | Found categories: [{"_id":"68419602a4922b68a1c6fd5b","name":"گوشی سامسونگ","parentId":"684195c2a4922b68a1c6fd27","description":"بررسی و خرید جدیدترین گوشی‌های سامسونگ سری Galaxy با گارانتی معتبر","image":"/uploads/category/images/category-superadmin-68261c189793af40ff160090-20250605163506.jpeg","metaTitle":"خرید گوشی سامسونگ | سری Galaxy A، S، Z","metaDescription":"خرید اینترنتی گوشی سامسونگ با بهترین قیمت، از مدل‌های اقتصادی تا پرچمدار Galaxy S و Z Fold با گارانتی رسمی","createdAt":"2025-06-05T13:05:06.651Z","updatedAt":"2025-06-05T13:05:06.651Z","slug":"گوشی-سامسونگ","__v":0,"seo":{"metaTitle":"خرید گوشی سامسونگ | سری Galaxy A، S، Z","metaDescription":"خرید اینترنتی گوشی سامسونگ با بهترین قیمت، از مدل‌های اقتصادی تا پرچمدار Galaxy S و Z Fold با گارانتی رسمی","canonicalUrl":"https://yourwebsite.com/category/گوشی-سامسونگ","ogTitle":"خرید گوشی سامسونگ | سری Galaxy A، S، Z","ogDescription":"خرید اینترنتی گوشی سامسونگ با بهترین قیمت، از مدل‌های اقتصادی تا پرچمدار Galaxy S و Z Fold با گارانتی رسمی","ogImage":"/uploads/category/images/category-superadmin-68261c189793af40ff160090-20250605163506.jpeg","keywords":["گوشی سامسونگ","دسته‌بندی","فروشگاه آنلاین","خرید"]}},{"_id":"684195f6a4922b68a1c6fd49","name":"گوشی آیفون","parentId":"684195d1a4922b68a1c6fd37","description":"خرید انواع مدل‌های گوشی آیفون اپل با گارانتی معتبر و بهترین قیمت","image":"/uploads/category/images/category-superadmin-68261c189793af40ff160090-20250605163454.jpeg","metaTitle":"خرید آیفون | جدیدترین گوشی‌های Apple iPhone","metaDescription":"بررسی، مشخصات و خرید اینترنتی گوشی‌های آیفون Apple با بهترین قیمت بازار و تنوع مدل‌ها از آیفون 11 تا آیفون 15","createdAt":"2025-06-05T13:04:54.119Z","updatedAt":"2025-06-05T13:04:54.120Z","slug":"گوشی-آیفون","__v":0,"seo":{"metaTitle":"خرید آیفون | جدیدترین گوشی‌های Apple iPhone","metaDescription":"بررسی، مشخصات و خرید اینترنتی گوشی‌های آیفون Apple با بهترین قیمت بازار و تنوع مدل‌ها از آیفون 11 تا آیفون 15","canonicalUrl":"https://yourwebsite.com/category/گوشی-آیفون","ogTitle":"خرید آیفون | جدیدترین گوشی‌های Apple iPhone","ogDescription":"بررسی، مشخصات و خرید اینترنتی گوشی‌های آیفون Apple با بهترین قیمت بازار و تنوع مدل‌ها از آیفون 11 تا آیفون 15","ogImage":"/uploads/category/images/category-superadmin-68261c189793af40ff160090-20250605163454.jpeg","keywords":["گوشی آیفون","دسته‌بندی","فروشگاه آنلاین","خرید"]}},{"_id":"684195d1a4922b68a1c6fd37","name":"موبایل","parentId":"684195c2a4922b68a1c6fd27","description":"گوشی‌های هوشمند از برندهای متنوع مانند اپل، سامسونگ، شیائومی و ...","image":"/uploads/category/images/category-superadmin-68261c189793af40ff160090-20250605163417.jpeg","metaTitle":"خرید موبایل | گوشی هوشمند اندروید و آیفون","metaDescription":"انواع موبایل با بهترین قیمت از برندهای معتبر مانند سامسونگ، اپل، شیائومی، هواوی و دیگر برندهای محبوب در دسته‌بندی موبایل","createdAt":"2025-06-05T13:04:17.059Z","updatedAt":"2025-06-05T13:04:17.059Z","slug":"موبایل","__v":0,"seo":{"metaTitle":"خرید موبایل | گوشی هوشمند اندروید و آیفون","metaDescription":"انواع موبایل با بهترین قیمت از برندهای معتبر مانند سامسونگ، اپل، شیائومی، هواوی و دیگر برندهای محبوب در دسته‌بندی موبایل","canonicalUrl":"https://yourwebsite.com/category/موبایل","ogTitle":"خرید موبایل | گوشی هوشمند اندروید و آیفون","ogDescription":"انواع موبایل با بهترین قیمت از برندهای معتبر مانند سامسونگ، اپل، شیائومی، هواوی و دیگر برندهای محبوب در دسته‌بندی موبایل","ogImage":"/uploads/category/images/category-superadmin-68261c189793af40ff160090-20250605163417.jpeg","keywords":["موبایل","دسته‌بندی","فروشگاه آنلاین","خرید"]}},{"_id":"684195c2a4922b68a1c6fd27","name":"کالای دیجیتال","parentId":null,"description":"انواع محصولات الکترونیکی و تکنولوژی روز مانند گوشی موبایل، لپ‌تاپ، لوازم جانبی و بیشتر","image":"/uploads/category/images/category-superadmin-68261c189793af40ff160090-20250605163402.jpeg","metaTitle":"خرید کالای دیجیتال | موبایل، لپ‌تاپ، لوازم جانبی","metaDescription":"برترین فروشگاه برای خرید اینترنتی کالای دیجیتال شامل موبایل، لپ‌تاپ، هدفون، ساعت هوشمند و دیگر محصولات فناوری با قیمت مناسب","createdAt":"2025-06-05T13:04:02.246Z","updatedAt":"2025-06-05T13:04:02.249Z","slug":"کالای-دیجیتال","__v":0,"seo":{"metaTitle":"خرید کالای دیجیتال | موبایل، لپ‌تاپ، لوازم جانبی","metaDescription":"برترین فروشگاه برای خرید اینترنتی کالای دیجیتال شامل موبایل، لپ‌تاپ، هدفون، ساعت هوشمند و دیگر محصولات فناوری با قیمت مناسب","canonicalUrl":"https://yourwebsite.com/category/کالای-دیجیتال","ogTitle":"خرید کالای دیجیتال | موبایل، لپ‌تاپ، لوازم جانبی","ogDescription":"برترین فروشگاه برای خرید اینترنتی کالای دیجیتال شامل موبایل، لپ‌تاپ، هدفون، ساعت هوشمند و دیگر محصولات فناوری با قیمت مناسب","ogImage":"/uploads/category/images/category-superadmin-68261c189793af40ff160090-20250605163402.jpeg","keywords":["کالای دیجیتال","دسته‌بندی","فروشگاه آنلاین","خرید"]}}]
ℹ️ [INFO] 06/06/2025, 10:45:39 PM | Query for categories: {}
ℹ️ [INFO] 06/06/2025, 10:45:39 PM | No SEO found for category with ID: 684195d1a4922b68a1c6fd37
ℹ️ [INFO] 06/06/2025, 10:45:39 PM | No SEO found for category with ID: 684195c2a4922b68a1c6fd27
ℹ️ [INFO] 06/06/2025, 10:45:39 PM | No SEO found for category with ID: 68419602a4922b68a1c6fd5b
ℹ️ [INFO] 06/06/2025, 10:45:39 PM | No SEO found for category with ID: 684195f6a4922b68a1c6fd49
ℹ️ [INFO] 06/06/2025, 10:45:39 PM | Found categories: [{"_id":"68419602a4922b68a1c6fd5b","name":"گوشی سامسونگ","parentId":"684195c2a4922b68a1c6fd27","description":"بررسی و خرید جدیدترین گوشی‌های سامسونگ سری Galaxy با گارانتی معتبر","image":"/uploads/category/images/category-superadmin-68261c189793af40ff160090-20250605163506.jpeg","metaTitle":"خرید گوشی سامسونگ | سری Galaxy A، S، Z","metaDescription":"خرید اینترنتی گوشی سامسونگ با بهترین قیمت، از مدل‌های اقتصادی تا پرچمدار Galaxy S و Z Fold با گارانتی رسمی","createdAt":"2025-06-05T13:05:06.651Z","updatedAt":"2025-06-05T13:05:06.651Z","slug":"گوشی-سامسونگ","__v":0,"seo":{"metaTitle":"خرید گوشی سامسونگ | سری Galaxy A، S، Z","metaDescription":"خرید اینترنتی گوشی سامسونگ با بهترین قیمت، از مدل‌های اقتصادی تا پرچمدار Galaxy S و Z Fold با گارانتی رسمی","canonicalUrl":"https://yourwebsite.com/category/گوشی-سامسونگ","ogTitle":"خرید گوشی سامسونگ | سری Galaxy A، S، Z","ogDescription":"خرید اینترنتی گوشی سامسونگ با بهترین قیمت، از مدل‌های اقتصادی تا پرچمدار Galaxy S و Z Fold با گارانتی رسمی","ogImage":"/uploads/category/images/category-superadmin-68261c189793af40ff160090-20250605163506.jpeg","keywords":["گوشی سامسونگ","دسته‌بندی","فروشگاه آنلاین","خرید"]}},{"_id":"684195f6a4922b68a1c6fd49","name":"گوشی آیفون","parentId":"684195d1a4922b68a1c6fd37","description":"خرید انواع مدل‌های گوشی آیفون اپل با گارانتی معتبر و بهترین قیمت","image":"/uploads/category/images/category-superadmin-68261c189793af40ff160090-20250605163454.jpeg","metaTitle":"خرید آیفون | جدیدترین گوشی‌های Apple iPhone","metaDescription":"بررسی، مشخصات و خرید اینترنتی گوشی‌های آیفون Apple با بهترین قیمت بازار و تنوع مدل‌ها از آیفون 11 تا آیفون 15","createdAt":"2025-06-05T13:04:54.119Z","updatedAt":"2025-06-05T13:04:54.120Z","slug":"گوشی-آیفون","__v":0,"seo":{"metaTitle":"خرید آیفون | جدیدترین گوشی‌های Apple iPhone","metaDescription":"بررسی، مشخصات و خرید اینترنتی گوشی‌های آیفون Apple با بهترین قیمت بازار و تنوع مدل‌ها از آیفون 11 تا آیفون 15","canonicalUrl":"https://yourwebsite.com/category/گوشی-آیفون","ogTitle":"خرید آیفون | جدیدترین گوشی‌های Apple iPhone","ogDescription":"بررسی، مشخصات و خرید اینترنتی گوشی‌های آیفون Apple با بهترین قیمت بازار و تنوع مدل‌ها از آیفون 11 تا آیفون 15","ogImage":"/uploads/category/images/category-superadmin-68261c189793af40ff160090-20250605163454.jpeg","keywords":["گوشی آیفون","دسته‌بندی","فروشگاه آنلاین","خرید"]}},{"_id":"684195d1a4922b68a1c6fd37","name":"موبایل","parentId":"684195c2a4922b68a1c6fd27","description":"گوشی‌های هوشمند از برندهای متنوع مانند اپل، سامسونگ، شیائومی و ...","image":"/uploads/category/images/category-superadmin-68261c189793af40ff160090-20250605163417.jpeg","metaTitle":"خرید موبایل | گوشی هوشمند اندروید و آیفون","metaDescription":"انواع موبایل با بهترین قیمت از برندهای معتبر مانند سامسونگ، اپل، شیائومی، هواوی و دیگر برندهای محبوب در دسته‌بندی موبایل","createdAt":"2025-06-05T13:04:17.059Z","updatedAt":"2025-06-05T13:04:17.059Z","slug":"موبایل","__v":0,"seo":{"metaTitle":"خرید موبایل | گوشی هوشمند اندروید و آیفون","metaDescription":"انواع موبایل با بهترین قیمت از برندهای معتبر مانند سامسونگ، اپل، شیائومی، هواوی و دیگر برندهای محبوب در دسته‌بندی موبایل","canonicalUrl":"https://yourwebsite.com/category/موبایل","ogTitle":"خرید موبایل | گوشی هوشمند اندروید و آیفون","ogDescription":"انواع موبایل با بهترین قیمت از برندهای معتبر مانند سامسونگ، اپل، شیائومی، هواوی و دیگر برندهای محبوب در دسته‌بندی موبایل","ogImage":"/uploads/category/images/category-superadmin-68261c189793af40ff160090-20250605163417.jpeg","keywords":["موبایل","دسته‌بندی","فروشگاه آنلاین","خرید"]}},{"_id":"684195c2a4922b68a1c6fd27","name":"کالای دیجیتال","parentId":null,"description":"انواع محصولات الکترونیکی و تکنولوژی روز مانند گوشی موبایل، لپ‌تاپ، لوازم جانبی و بیشتر","image":"/uploads/category/images/category-superadmin-68261c189793af40ff160090-20250605163402.jpeg","metaTitle":"خرید کالای دیجیتال | موبایل، لپ‌تاپ، لوازم جانبی","metaDescription":"برترین فروشگاه برای خرید اینترنتی کالای دیجیتال شامل موبایل، لپ‌تاپ، هدفون، ساعت هوشمند و دیگر محصولات فناوری با قیمت مناسب","createdAt":"2025-06-05T13:04:02.246Z","updatedAt":"2025-06-05T13:04:02.249Z","slug":"کالای-دیجیتال","__v":0,"seo":{"metaTitle":"خرید کالای دیجیتال | موبایل، لپ‌تاپ، لوازم جانبی","metaDescription":"برترین فروشگاه برای خرید اینترنتی کالای دیجیتال شامل موبایل، لپ‌تاپ، هدفون، ساعت هوشمند و دیگر محصولات فناوری با قیمت مناسب","canonicalUrl":"https://yourwebsite.com/category/کالای-دیجیتال","ogTitle":"خرید کالای دیجیتال | موبایل، لپ‌تاپ، لوازم جانبی","ogDescription":"برترین فروشگاه برای خرید اینترنتی کالای دیجیتال شامل موبایل، لپ‌تاپ، هدفون، ساعت هوشمند و دیگر محصولات فناوری با قیمت مناسب","ogImage":"/uploads/category/images/category-superadmin-68261c189793af40ff160090-20250605163402.jpeg","keywords":["کالای دیجیتال","دسته‌بندی","فروشگاه آنلاین","خرید"]}}]
ℹ️ [INFO] 06/06/2025, 10:45:39 PM | Query for categories: {}
ℹ️ [INFO] 06/06/2025, 10:45:39 PM | No SEO found for category with ID: 684195f6a4922b68a1c6fd49
ℹ️ [INFO] 06/06/2025, 10:45:39 PM | No SEO found for category with ID: 684195c2a4922b68a1c6fd27
ℹ️ [INFO] 06/06/2025, 10:45:39 PM | No SEO found for category with ID: 68419602a4922b68a1c6fd5b
ℹ️ [INFO] 06/06/2025, 10:45:39 PM | No SEO found for category with ID: 684195d1a4922b68a1c6fd37
ℹ️ [INFO] 06/06/2025, 10:45:39 PM | Found categories: [{"_id":"68419602a4922b68a1c6fd5b","name":"گوشی سامسونگ","parentId":"684195c2a4922b68a1c6fd27","description":"بررسی و خرید جدیدترین گوشی‌های سامسونگ سری Galaxy با گارانتی معتبر","image":"/uploads/category/images/category-superadmin-68261c189793af40ff160090-20250605163506.jpeg","metaTitle":"خرید گوشی سامسونگ | سری Galaxy A، S، Z","metaDescription":"خرید اینترنتی گوشی سامسونگ با بهترین قیمت، از مدل‌های اقتصادی تا پرچمدار Galaxy S و Z Fold با گارانتی رسمی","createdAt":"2025-06-05T13:05:06.651Z","updatedAt":"2025-06-05T13:05:06.651Z","slug":"گوشی-سامسونگ","__v":0,"seo":{"metaTitle":"خرید گوشی سامسونگ | سری Galaxy A، S، Z","metaDescription":"خرید اینترنتی گوشی سامسونگ با بهترین قیمت، از مدل‌های اقتصادی تا پرچمدار Galaxy S و Z Fold با گارانتی رسمی","canonicalUrl":"https://yourwebsite.com/category/گوشی-سامسونگ","ogTitle":"خرید گوشی سامسونگ | سری Galaxy A، S، Z","ogDescription":"خرید اینترنتی گوشی سامسونگ با بهترین قیمت، از مدل‌های اقتصادی تا پرچمدار Galaxy S و Z Fold با گارانتی رسمی","ogImage":"/uploads/category/images/category-superadmin-68261c189793af40ff160090-20250605163506.jpeg","keywords":["گوشی سامسونگ","دسته‌بندی","فروشگاه آنلاین","خرید"]}},{"_id":"684195f6a4922b68a1c6fd49","name":"گوشی آیفون","parentId":"684195d1a4922b68a1c6fd37","description":"خرید انواع مدل‌های گوشی آیفون اپل با گارانتی معتبر و بهترین قیمت","image":"/uploads/category/images/category-superadmin-68261c189793af40ff160090-20250605163454.jpeg","metaTitle":"خرید آیفون | جدیدترین گوشی‌های Apple iPhone","metaDescription":"بررسی، مشخصات و خرید اینترنتی گوشی‌های آیفون Apple با بهترین قیمت بازار و تنوع مدل‌ها از آیفون 11 تا آیفون 15","createdAt":"2025-06-05T13:04:54.119Z","updatedAt":"2025-06-05T13:04:54.120Z","slug":"گوشی-آیفون","__v":0,"seo":{"metaTitle":"خرید آیفون | جدیدترین گوشی‌های Apple iPhone","metaDescription":"بررسی، مشخصات و خرید اینترنتی گوشی‌های آیفون Apple با بهترین قیمت بازار و تنوع مدل‌ها از آیفون 11 تا آیفون 15","canonicalUrl":"https://yourwebsite.com/category/گوشی-آیفون","ogTitle":"خرید آیفون | جدیدترین گوشی‌های Apple iPhone","ogDescription":"بررسی، مشخصات و خرید اینترنتی گوشی‌های آیفون Apple با بهترین قیمت بازار و تنوع مدل‌ها از آیفون 11 تا آیفون 15","ogImage":"/uploads/category/images/category-superadmin-68261c189793af40ff160090-20250605163454.jpeg","keywords":["گوشی آیفون","دسته‌بندی","فروشگاه آنلاین","خرید"]}},{"_id":"684195d1a4922b68a1c6fd37","name":"موبایل","parentId":"684195c2a4922b68a1c6fd27","description":"گوشی‌های هوشمند از برندهای متنوع مانند اپل، سامسونگ، شیائومی و ...","image":"/uploads/category/images/category-superadmin-68261c189793af40ff160090-20250605163417.jpeg","metaTitle":"خرید موبایل | گوشی هوشمند اندروید و آیفون","metaDescription":"انواع موبایل با بهترین قیمت از برندهای معتبر مانند سامسونگ، اپل، شیائومی، هواوی و دیگر برندهای محبوب در دسته‌بندی موبایل","createdAt":"2025-06-05T13:04:17.059Z","updatedAt":"2025-06-05T13:04:17.059Z","slug":"موبایل","__v":0,"seo":{"metaTitle":"خرید موبایل | گوشی هوشمند اندروید و آیفون","metaDescription":"انواع موبایل با بهترین قیمت از برندهای معتبر مانند سامسونگ، اپل، شیائومی، هواوی و دیگر برندهای محبوب در دسته‌بندی موبایل","canonicalUrl":"https://yourwebsite.com/category/موبایل","ogTitle":"خرید موبایل | گوشی هوشمند اندروید و آیفون","ogDescription":"انواع موبایل با بهترین قیمت از برندهای معتبر مانند سامسونگ، اپل، شیائومی، هواوی و دیگر برندهای محبوب در دسته‌بندی موبایل","ogImage":"/uploads/category/images/category-superadmin-68261c189793af40ff160090-20250605163417.jpeg","keywords":["موبایل","دسته‌بندی","فروشگاه آنلاین","خرید"]}},{"_id":"684195c2a4922b68a1c6fd27","name":"کالای دیجیتال","parentId":null,"description":"انواع محصولات الکترونیکی و تکنولوژی روز مانند گوشی موبایل، لپ‌تاپ، لوازم جانبی و بیشتر","image":"/uploads/category/images/category-superadmin-68261c189793af40ff160090-20250605163402.jpeg","metaTitle":"خرید کالای دیجیتال | موبایل، لپ‌تاپ، لوازم جانبی","metaDescription":"برترین فروشگاه برای خرید اینترنتی کالای دیجیتال شامل موبایل، لپ‌تاپ، هدفون، ساعت هوشمند و دیگر محصولات فناوری با قیمت مناسب","createdAt":"2025-06-05T13:04:02.246Z","updatedAt":"2025-06-05T13:04:02.249Z","slug":"کالای-دیجیتال","__v":0,"seo":{"metaTitle":"خرید کالای دیجیتال | موبایل، لپ‌تاپ، لوازم جانبی","metaDescription":"برترین فروشگاه برای خرید اینترنتی کالای دیجیتال شامل موبایل، لپ‌تاپ، هدفون، ساعت هوشمند و دیگر محصولات فناوری با قیمت مناسب","canonicalUrl":"https://yourwebsite.com/category/کالای-دیجیتال","ogTitle":"خرید کالای دیجیتال | موبایل، لپ‌تاپ، لوازم جانبی","ogDescription":"برترین فروشگاه برای خرید اینترنتی کالای دیجیتال شامل موبایل، لپ‌تاپ، هدفون، ساعت هوشمند و دیگر محصولات فناوری با قیمت مناسب","ogImage":"/uploads/category/images/category-superadmin-68261c189793af40ff160090-20250605163402.jpeg","keywords":["کالای دیجیتال","دسته‌بندی","فروشگاه آنلاین","خرید"]}}]
ℹ️ [INFO] 06/06/2025, 10:46:09 PM | Query for categories: {}
ℹ️ [INFO] 06/06/2025, 10:46:09 PM | No SEO found for category with ID: 684195f6a4922b68a1c6fd49
ℹ️ [INFO] 06/06/2025, 10:46:09 PM | No SEO found for category with ID: 68419602a4922b68a1c6fd5b
ℹ️ [INFO] 06/06/2025, 10:46:09 PM | No SEO found for category with ID: 684195d1a4922b68a1c6fd37
ℹ️ [INFO] 06/06/2025, 10:46:09 PM | No SEO found for category with ID: 684195c2a4922b68a1c6fd27
ℹ️ [INFO] 06/06/2025, 10:46:09 PM | Found categories: [{"_id":"68419602a4922b68a1c6fd5b","name":"گوشی سامسونگ","parentId":"684195c2a4922b68a1c6fd27","description":"بررسی و خرید جدیدترین گوشی‌های سامسونگ سری Galaxy با گارانتی معتبر","image":"/uploads/category/images/category-superadmin-68261c189793af40ff160090-20250605163506.jpeg","metaTitle":"خرید گوشی سامسونگ | سری Galaxy A، S، Z","metaDescription":"خرید اینترنتی گوشی سامسونگ با بهترین قیمت، از مدل‌های اقتصادی تا پرچمدار Galaxy S و Z Fold با گارانتی رسمی","createdAt":"2025-06-05T13:05:06.651Z","updatedAt":"2025-06-05T13:05:06.651Z","slug":"گوشی-سامسونگ","__v":0,"seo":{"metaTitle":"خرید گوشی سامسونگ | سری Galaxy A، S، Z","metaDescription":"خرید اینترنتی گوشی سامسونگ با بهترین قیمت، از مدل‌های اقتصادی تا پرچمدار Galaxy S و Z Fold با گارانتی رسمی","canonicalUrl":"https://yourwebsite.com/category/گوشی-سامسونگ","ogTitle":"خرید گوشی سامسونگ | سری Galaxy A، S، Z","ogDescription":"خرید اینترنتی گوشی سامسونگ با بهترین قیمت، از مدل‌های اقتصادی تا پرچمدار Galaxy S و Z Fold با گارانتی رسمی","ogImage":"/uploads/category/images/category-superadmin-68261c189793af40ff160090-20250605163506.jpeg","keywords":["گوشی سامسونگ","دسته‌بندی","فروشگاه آنلاین","خرید"]}},{"_id":"684195f6a4922b68a1c6fd49","name":"گوشی آیفون","parentId":"684195d1a4922b68a1c6fd37","description":"خرید انواع مدل‌های گوشی آیفون اپل با گارانتی معتبر و بهترین قیمت","image":"/uploads/category/images/category-superadmin-68261c189793af40ff160090-20250605163454.jpeg","metaTitle":"خرید آیفون | جدیدترین گوشی‌های Apple iPhone","metaDescription":"بررسی، مشخصات و خرید اینترنتی گوشی‌های آیفون Apple با بهترین قیمت بازار و تنوع مدل‌ها از آیفون 11 تا آیفون 15","createdAt":"2025-06-05T13:04:54.119Z","updatedAt":"2025-06-05T13:04:54.120Z","slug":"گوشی-آیفون","__v":0,"seo":{"metaTitle":"خرید آیفون | جدیدترین گوشی‌های Apple iPhone","metaDescription":"بررسی، مشخصات و خرید اینترنتی گوشی‌های آیفون Apple با بهترین قیمت بازار و تنوع مدل‌ها از آیفون 11 تا آیفون 15","canonicalUrl":"https://yourwebsite.com/category/گوشی-آیفون","ogTitle":"خرید آیفون | جدیدترین گوشی‌های Apple iPhone","ogDescription":"بررسی، مشخصات و خرید اینترنتی گوشی‌های آیفون Apple با بهترین قیمت بازار و تنوع مدل‌ها از آیفون 11 تا آیفون 15","ogImage":"/uploads/category/images/category-superadmin-68261c189793af40ff160090-20250605163454.jpeg","keywords":["گوشی آیفون","دسته‌بندی","فروشگاه آنلاین","خرید"]}},{"_id":"684195d1a4922b68a1c6fd37","name":"موبایل","parentId":"684195c2a4922b68a1c6fd27","description":"گوشی‌های هوشمند از برندهای متنوع مانند اپل، سامسونگ، شیائومی و ...","image":"/uploads/category/images/category-superadmin-68261c189793af40ff160090-20250605163417.jpeg","metaTitle":"خرید موبایل | گوشی هوشمند اندروید و آیفون","metaDescription":"انواع موبایل با بهترین قیمت از برندهای معتبر مانند سامسونگ، اپل، شیائومی، هواوی و دیگر برندهای محبوب در دسته‌بندی موبایل","createdAt":"2025-06-05T13:04:17.059Z","updatedAt":"2025-06-05T13:04:17.059Z","slug":"موبایل","__v":0,"seo":{"metaTitle":"خرید موبایل | گوشی هوشمند اندروید و آیفون","metaDescription":"انواع موبایل با بهترین قیمت از برندهای معتبر مانند سامسونگ، اپل، شیائومی، هواوی و دیگر برندهای محبوب در دسته‌بندی موبایل","canonicalUrl":"https://yourwebsite.com/category/موبایل","ogTitle":"خرید موبایل | گوشی هوشمند اندروید و آیفون","ogDescription":"انواع موبایل با بهترین قیمت از برندهای معتبر مانند سامسونگ، اپل، شیائومی، هواوی و دیگر برندهای محبوب در دسته‌بندی موبایل","ogImage":"/uploads/category/images/category-superadmin-68261c189793af40ff160090-20250605163417.jpeg","keywords":["موبایل","دسته‌بندی","فروشگاه آنلاین","خرید"]}},{"_id":"684195c2a4922b68a1c6fd27","name":"کالای دیجیتال","parentId":null,"description":"انواع محصولات الکترونیکی و تکنولوژی روز مانند گوشی موبایل، لپ‌تاپ، لوازم جانبی و بیشتر","image":"/uploads/category/images/category-superadmin-68261c189793af40ff160090-20250605163402.jpeg","metaTitle":"خرید کالای دیجیتال | موبایل، لپ‌تاپ، لوازم جانبی","metaDescription":"برترین فروشگاه برای خرید اینترنتی کالای دیجیتال شامل موبایل، لپ‌تاپ، هدفون، ساعت هوشمند و دیگر محصولات فناوری با قیمت مناسب","createdAt":"2025-06-05T13:04:02.246Z","updatedAt":"2025-06-05T13:04:02.249Z","slug":"کالای-دیجیتال","__v":0,"seo":{"metaTitle":"خرید کالای دیجیتال | موبایل، لپ‌تاپ، لوازم جانبی","metaDescription":"برترین فروشگاه برای خرید اینترنتی کالای دیجیتال شامل موبایل، لپ‌تاپ، هدفون، ساعت هوشمند و دیگر محصولات فناوری با قیمت مناسب","canonicalUrl":"https://yourwebsite.com/category/کالای-دیجیتال","ogTitle":"خرید کالای دیجیتال | موبایل، لپ‌تاپ، لوازم جانبی","ogDescription":"برترین فروشگاه برای خرید اینترنتی کالای دیجیتال شامل موبایل، لپ‌تاپ، هدفون، ساعت هوشمند و دیگر محصولات فناوری با قیمت مناسب","ogImage":"/uploads/category/images/category-superadmin-68261c189793af40ff160090-20250605163402.jpeg","keywords":["کالای دیجیتال","دسته‌بندی","فروشگاه آنلاین","خرید"]}}]
ℹ️ [INFO] 06/06/2025, 10:46:09 PM | Query for categories: {}
ℹ️ [INFO] 06/06/2025, 10:46:09 PM | No SEO found for category with ID: 684195d1a4922b68a1c6fd37
ℹ️ [INFO] 06/06/2025, 10:46:09 PM | No SEO found for category with ID: 684195f6a4922b68a1c6fd49
ℹ️ [INFO] 06/06/2025, 10:46:09 PM | No SEO found for category with ID: 684195c2a4922b68a1c6fd27
ℹ️ [INFO] 06/06/2025, 10:46:09 PM | No SEO found for category with ID: 68419602a4922b68a1c6fd5b
ℹ️ [INFO] 06/06/2025, 10:46:09 PM | Found categories: [{"_id":"68419602a4922b68a1c6fd5b","name":"گوشی سامسونگ","parentId":"684195c2a4922b68a1c6fd27","description":"بررسی و خرید جدیدترین گوشی‌های سامسونگ سری Galaxy با گارانتی معتبر","image":"/uploads/category/images/category-superadmin-68261c189793af40ff160090-20250605163506.jpeg","metaTitle":"خرید گوشی سامسونگ | سری Galaxy A، S، Z","metaDescription":"خرید اینترنتی گوشی سامسونگ با بهترین قیمت، از مدل‌های اقتصادی تا پرچمدار Galaxy S و Z Fold با گارانتی رسمی","createdAt":"2025-06-05T13:05:06.651Z","updatedAt":"2025-06-05T13:05:06.651Z","slug":"گوشی-سامسونگ","__v":0,"seo":{"metaTitle":"خرید گوشی سامسونگ | سری Galaxy A، S، Z","metaDescription":"خرید اینترنتی گوشی سامسونگ با بهترین قیمت، از مدل‌های اقتصادی تا پرچمدار Galaxy S و Z Fold با گارانتی رسمی","canonicalUrl":"https://yourwebsite.com/category/گوشی-سامسونگ","ogTitle":"خرید گوشی سامسونگ | سری Galaxy A، S، Z","ogDescription":"خرید اینترنتی گوشی سامسونگ با بهترین قیمت، از مدل‌های اقتصادی تا پرچمدار Galaxy S و Z Fold با گارانتی رسمی","ogImage":"/uploads/category/images/category-superadmin-68261c189793af40ff160090-20250605163506.jpeg","keywords":["گوشی سامسونگ","دسته‌بندی","فروشگاه آنلاین","خرید"]}},{"_id":"684195f6a4922b68a1c6fd49","name":"گوشی آیفون","parentId":"684195d1a4922b68a1c6fd37","description":"خرید انواع مدل‌های گوشی آیفون اپل با گارانتی معتبر و بهترین قیمت","image":"/uploads/category/images/category-superadmin-68261c189793af40ff160090-20250605163454.jpeg","metaTitle":"خرید آیفون | جدیدترین گوشی‌های Apple iPhone","metaDescription":"بررسی، مشخصات و خرید اینترنتی گوشی‌های آیفون Apple با بهترین قیمت بازار و تنوع مدل‌ها از آیفون 11 تا آیفون 15","createdAt":"2025-06-05T13:04:54.119Z","updatedAt":"2025-06-05T13:04:54.120Z","slug":"گوشی-آیفون","__v":0,"seo":{"metaTitle":"خرید آیفون | جدیدترین گوشی‌های Apple iPhone","metaDescription":"بررسی، مشخصات و خرید اینترنتی گوشی‌های آیفون Apple با بهترین قیمت بازار و تنوع مدل‌ها از آیفون 11 تا آیفون 15","canonicalUrl":"https://yourwebsite.com/category/گوشی-آیفون","ogTitle":"خرید آیفون | جدیدترین گوشی‌های Apple iPhone","ogDescription":"بررسی، مشخصات و خرید اینترنتی گوشی‌های آیفون Apple با بهترین قیمت بازار و تنوع مدل‌ها از آیفون 11 تا آیفون 15","ogImage":"/uploads/category/images/category-superadmin-68261c189793af40ff160090-20250605163454.jpeg","keywords":["گوشی آیفون","دسته‌بندی","فروشگاه آنلاین","خرید"]}},{"_id":"684195d1a4922b68a1c6fd37","name":"موبایل","parentId":"684195c2a4922b68a1c6fd27","description":"گوشی‌های هوشمند از برندهای متنوع مانند اپل، سامسونگ، شیائومی و ...","image":"/uploads/category/images/category-superadmin-68261c189793af40ff160090-20250605163417.jpeg","metaTitle":"خرید موبایل | گوشی هوشمند اندروید و آیفون","metaDescription":"انواع موبایل با بهترین قیمت از برندهای معتبر مانند سامسونگ، اپل، شیائومی، هواوی و دیگر برندهای محبوب در دسته‌بندی موبایل","createdAt":"2025-06-05T13:04:17.059Z","updatedAt":"2025-06-05T13:04:17.059Z","slug":"موبایل","__v":0,"seo":{"metaTitle":"خرید موبایل | گوشی هوشمند اندروید و آیفون","metaDescription":"انواع موبایل با بهترین قیمت از برندهای معتبر مانند سامسونگ، اپل، شیائومی، هواوی و دیگر برندهای محبوب در دسته‌بندی موبایل","canonicalUrl":"https://yourwebsite.com/category/موبایل","ogTitle":"خرید موبایل | گوشی هوشمند اندروید و آیفون","ogDescription":"انواع موبایل با بهترین قیمت از برندهای معتبر مانند سامسونگ، اپل، شیائومی، هواوی و دیگر برندهای محبوب در دسته‌بندی موبایل","ogImage":"/uploads/category/images/category-superadmin-68261c189793af40ff160090-20250605163417.jpeg","keywords":["موبایل","دسته‌بندی","فروشگاه آنلاین","خرید"]}},{"_id":"684195c2a4922b68a1c6fd27","name":"کالای دیجیتال","parentId":null,"description":"انواع محصولات الکترونیکی و تکنولوژی روز مانند گوشی موبایل، لپ‌تاپ، لوازم جانبی و بیشتر","image":"/uploads/category/images/category-superadmin-68261c189793af40ff160090-20250605163402.jpeg","metaTitle":"خرید کالای دیجیتال | موبایل، لپ‌تاپ، لوازم جانبی","metaDescription":"برترین فروشگاه برای خرید اینترنتی کالای دیجیتال شامل موبایل، لپ‌تاپ، هدفون، ساعت هوشمند و دیگر محصولات فناوری با قیمت مناسب","createdAt":"2025-06-05T13:04:02.246Z","updatedAt":"2025-06-05T13:04:02.249Z","slug":"کالای-دیجیتال","__v":0,"seo":{"metaTitle":"خرید کالای دیجیتال | موبایل، لپ‌تاپ، لوازم جانبی","metaDescription":"برترین فروشگاه برای خرید اینترنتی کالای دیجیتال شامل موبایل، لپ‌تاپ، هدفون، ساعت هوشمند و دیگر محصولات فناوری با قیمت مناسب","canonicalUrl":"https://yourwebsite.com/category/کالای-دیجیتال","ogTitle":"خرید کالای دیجیتال | موبایل، لپ‌تاپ، لوازم جانبی","ogDescription":"برترین فروشگاه برای خرید اینترنتی کالای دیجیتال شامل موبایل، لپ‌تاپ، هدفون، ساعت هوشمند و دیگر محصولات فناوری با قیمت مناسب","ogImage":"/uploads/category/images/category-superadmin-68261c189793af40ff160090-20250605163402.jpeg","keywords":["کالای دیجیتال","دسته‌بندی","فروشگاه آنلاین","خرید"]}}]
ℹ️ [INFO] 06/06/2025, 10:46:14 PM | Query for categories: {}
ℹ️ [INFO] 06/06/2025, 10:46:14 PM | No SEO found for category with ID: 68419602a4922b68a1c6fd5b
ℹ️ [INFO] 06/06/2025, 10:46:14 PM | No SEO found for category with ID: 684195d1a4922b68a1c6fd37
ℹ️ [INFO] 06/06/2025, 10:46:14 PM | No SEO found for category with ID: 684195f6a4922b68a1c6fd49
ℹ️ [INFO] 06/06/2025, 10:46:14 PM | No SEO found for category with ID: 684195c2a4922b68a1c6fd27
ℹ️ [INFO] 06/06/2025, 10:46:14 PM | Found categories: [{"_id":"68419602a4922b68a1c6fd5b","name":"گوشی سامسونگ","parentId":"684195c2a4922b68a1c6fd27","description":"بررسی و خرید جدیدترین گوشی‌های سامسونگ سری Galaxy با گارانتی معتبر","image":"/uploads/category/images/category-superadmin-68261c189793af40ff160090-20250605163506.jpeg","metaTitle":"خرید گوشی سامسونگ | سری Galaxy A، S، Z","metaDescription":"خرید اینترنتی گوشی سامسونگ با بهترین قیمت، از مدل‌های اقتصادی تا پرچمدار Galaxy S و Z Fold با گارانتی رسمی","createdAt":"2025-06-05T13:05:06.651Z","updatedAt":"2025-06-05T13:05:06.651Z","slug":"گوشی-سامسونگ","__v":0,"seo":{"metaTitle":"خرید گوشی سامسونگ | سری Galaxy A، S، Z","metaDescription":"خرید اینترنتی گوشی سامسونگ با بهترین قیمت، از مدل‌های اقتصادی تا پرچمدار Galaxy S و Z Fold با گارانتی رسمی","canonicalUrl":"https://yourwebsite.com/category/گوشی-سامسونگ","ogTitle":"خرید گوشی سامسونگ | سری Galaxy A، S، Z","ogDescription":"خرید اینترنتی گوشی سامسونگ با بهترین قیمت، از مدل‌های اقتصادی تا پرچمدار Galaxy S و Z Fold با گارانتی رسمی","ogImage":"/uploads/category/images/category-superadmin-68261c189793af40ff160090-20250605163506.jpeg","keywords":["گوشی سامسونگ","دسته‌بندی","فروشگاه آنلاین","خرید"]}},{"_id":"684195f6a4922b68a1c6fd49","name":"گوشی آیفون","parentId":"684195d1a4922b68a1c6fd37","description":"خرید انواع مدل‌های گوشی آیفون اپل با گارانتی معتبر و بهترین قیمت","image":"/uploads/category/images/category-superadmin-68261c189793af40ff160090-20250605163454.jpeg","metaTitle":"خرید آیفون | جدیدترین گوشی‌های Apple iPhone","metaDescription":"بررسی، مشخصات و خرید اینترنتی گوشی‌های آیفون Apple با بهترین قیمت بازار و تنوع مدل‌ها از آیفون 11 تا آیفون 15","createdAt":"2025-06-05T13:04:54.119Z","updatedAt":"2025-06-05T13:04:54.120Z","slug":"گوشی-آیفون","__v":0,"seo":{"metaTitle":"خرید آیفون | جدیدترین گوشی‌های Apple iPhone","metaDescription":"بررسی، مشخصات و خرید اینترنتی گوشی‌های آیفون Apple با بهترین قیمت بازار و تنوع مدل‌ها از آیفون 11 تا آیفون 15","canonicalUrl":"https://yourwebsite.com/category/گوشی-آیفون","ogTitle":"خرید آیفون | جدیدترین گوشی‌های Apple iPhone","ogDescription":"بررسی، مشخصات و خرید اینترنتی گوشی‌های آیفون Apple با بهترین قیمت بازار و تنوع مدل‌ها از آیفون 11 تا آیفون 15","ogImage":"/uploads/category/images/category-superadmin-68261c189793af40ff160090-20250605163454.jpeg","keywords":["گوشی آیفون","دسته‌بندی","فروشگاه آنلاین","خرید"]}},{"_id":"684195d1a4922b68a1c6fd37","name":"موبایل","parentId":"684195c2a4922b68a1c6fd27","description":"گوشی‌های هوشمند از برندهای متنوع مانند اپل، سامسونگ، شیائومی و ...","image":"/uploads/category/images/category-superadmin-68261c189793af40ff160090-20250605163417.jpeg","metaTitle":"خرید موبایل | گوشی هوشمند اندروید و آیفون","metaDescription":"انواع موبایل با بهترین قیمت از برندهای معتبر مانند سامسونگ، اپل، شیائومی، هواوی و دیگر برندهای محبوب در دسته‌بندی موبایل","createdAt":"2025-06-05T13:04:17.059Z","updatedAt":"2025-06-05T13:04:17.059Z","slug":"موبایل","__v":0,"seo":{"metaTitle":"خرید موبایل | گوشی هوشمند اندروید و آیفون","metaDescription":"انواع موبایل با بهترین قیمت از برندهای معتبر مانند سامسونگ، اپل، شیائومی، هواوی و دیگر برندهای محبوب در دسته‌بندی موبایل","canonicalUrl":"https://yourwebsite.com/category/موبایل","ogTitle":"خرید موبایل | گوشی هوشمند اندروید و آیفون","ogDescription":"انواع موبایل با بهترین قیمت از برندهای معتبر مانند سامسونگ، اپل، شیائومی، هواوی و دیگر برندهای محبوب در دسته‌بندی موبایل","ogImage":"/uploads/category/images/category-superadmin-68261c189793af40ff160090-20250605163417.jpeg","keywords":["موبایل","دسته‌بندی","فروشگاه آنلاین","خرید"]}},{"_id":"684195c2a4922b68a1c6fd27","name":"کالای دیجیتال","parentId":null,"description":"انواع محصولات الکترونیکی و تکنولوژی روز مانند گوشی موبایل، لپ‌تاپ، لوازم جانبی و بیشتر","image":"/uploads/category/images/category-superadmin-68261c189793af40ff160090-20250605163402.jpeg","metaTitle":"خرید کالای دیجیتال | موبایل، لپ‌تاپ، لوازم جانبی","metaDescription":"برترین فروشگاه برای خرید اینترنتی کالای دیجیتال شامل موبایل، لپ‌تاپ، هدفون، ساعت هوشمند و دیگر محصولات فناوری با قیمت مناسب","createdAt":"2025-06-05T13:04:02.246Z","updatedAt":"2025-06-05T13:04:02.249Z","slug":"کالای-دیجیتال","__v":0,"seo":{"metaTitle":"خرید کالای دیجیتال | موبایل، لپ‌تاپ، لوازم جانبی","metaDescription":"برترین فروشگاه برای خرید اینترنتی کالای دیجیتال شامل موبایل، لپ‌تاپ، هدفون، ساعت هوشمند و دیگر محصولات فناوری با قیمت مناسب","canonicalUrl":"https://yourwebsite.com/category/کالای-دیجیتال","ogTitle":"خرید کالای دیجیتال | موبایل، لپ‌تاپ، لوازم جانبی","ogDescription":"برترین فروشگاه برای خرید اینترنتی کالای دیجیتال شامل موبایل، لپ‌تاپ، هدفون، ساعت هوشمند و دیگر محصولات فناوری با قیمت مناسب","ogImage":"/uploads/category/images/category-superadmin-68261c189793af40ff160090-20250605163402.jpeg","keywords":["کالای دیجیتال","دسته‌بندی","فروشگاه آنلاین","خرید"]}}]
ℹ️ [INFO] 06/06/2025, 10:46:15 PM | Query for categories: {}
ℹ️ [INFO] 06/06/2025, 10:46:15 PM | No SEO found for category with ID: 684195f6a4922b68a1c6fd49
ℹ️ [INFO] 06/06/2025, 10:46:15 PM | No SEO found for category with ID: 68419602a4922b68a1c6fd5b
ℹ️ [INFO] 06/06/2025, 10:46:15 PM | No SEO found for category with ID: 684195c2a4922b68a1c6fd27
ℹ️ [INFO] 06/06/2025, 10:46:15 PM | No SEO found for category with ID: 684195d1a4922b68a1c6fd37
ℹ️ [INFO] 06/06/2025, 10:46:15 PM | Found categories: [{"_id":"68419602a4922b68a1c6fd5b","name":"گوشی سامسونگ","parentId":"684195c2a4922b68a1c6fd27","description":"بررسی و خرید جدیدترین گوشی‌های سامسونگ سری Galaxy با گارانتی معتبر","image":"/uploads/category/images/category-superadmin-68261c189793af40ff160090-20250605163506.jpeg","metaTitle":"خرید گوشی سامسونگ | سری Galaxy A، S، Z","metaDescription":"خرید اینترنتی گوشی سامسونگ با بهترین قیمت، از مدل‌های اقتصادی تا پرچمدار Galaxy S و Z Fold با گارانتی رسمی","createdAt":"2025-06-05T13:05:06.651Z","updatedAt":"2025-06-05T13:05:06.651Z","slug":"گوشی-سامسونگ","__v":0,"seo":{"metaTitle":"خرید گوشی سامسونگ | سری Galaxy A، S، Z","metaDescription":"خرید اینترنتی گوشی سامسونگ با بهترین قیمت، از مدل‌های اقتصادی تا پرچمدار Galaxy S و Z Fold با گارانتی رسمی","canonicalUrl":"https://yourwebsite.com/category/گوشی-سامسونگ","ogTitle":"خرید گوشی سامسونگ | سری Galaxy A، S، Z","ogDescription":"خرید اینترنتی گوشی سامسونگ با بهترین قیمت، از مدل‌های اقتصادی تا پرچمدار Galaxy S و Z Fold با گارانتی رسمی","ogImage":"/uploads/category/images/category-superadmin-68261c189793af40ff160090-20250605163506.jpeg","keywords":["گوشی سامسونگ","دسته‌بندی","فروشگاه آنلاین","خرید"]}},{"_id":"684195f6a4922b68a1c6fd49","name":"گوشی آیفون","parentId":"684195d1a4922b68a1c6fd37","description":"خرید انواع مدل‌های گوشی آیفون اپل با گارانتی معتبر و بهترین قیمت","image":"/uploads/category/images/category-superadmin-68261c189793af40ff160090-20250605163454.jpeg","metaTitle":"خرید آیفون | جدیدترین گوشی‌های Apple iPhone","metaDescription":"بررسی، مشخصات و خرید اینترنتی گوشی‌های آیفون Apple با بهترین قیمت بازار و تنوع مدل‌ها از آیفون 11 تا آیفون 15","createdAt":"2025-06-05T13:04:54.119Z","updatedAt":"2025-06-05T13:04:54.120Z","slug":"گوشی-آیفون","__v":0,"seo":{"metaTitle":"خرید آیفون | جدیدترین گوشی‌های Apple iPhone","metaDescription":"بررسی، مشخصات و خرید اینترنتی گوشی‌های آیفون Apple با بهترین قیمت بازار و تنوع مدل‌ها از آیفون 11 تا آیفون 15","canonicalUrl":"https://yourwebsite.com/category/گوشی-آیفون","ogTitle":"خرید آیفون | جدیدترین گوشی‌های Apple iPhone","ogDescription":"بررسی، مشخصات و خرید اینترنتی گوشی‌های آیفون Apple با بهترین قیمت بازار و تنوع مدل‌ها از آیفون 11 تا آیفون 15","ogImage":"/uploads/category/images/category-superadmin-68261c189793af40ff160090-20250605163454.jpeg","keywords":["گوشی آیفون","دسته‌بندی","فروشگاه آنلاین","خرید"]}},{"_id":"684195d1a4922b68a1c6fd37","name":"موبایل","parentId":"684195c2a4922b68a1c6fd27","description":"گوشی‌های هوشمند از برندهای متنوع مانند اپل، سامسونگ، شیائومی و ...","image":"/uploads/category/images/category-superadmin-68261c189793af40ff160090-20250605163417.jpeg","metaTitle":"خرید موبایل | گوشی هوشمند اندروید و آیفون","metaDescription":"انواع موبایل با بهترین قیمت از برندهای معتبر مانند سامسونگ، اپل، شیائومی، هواوی و دیگر برندهای محبوب در دسته‌بندی موبایل","createdAt":"2025-06-05T13:04:17.059Z","updatedAt":"2025-06-05T13:04:17.059Z","slug":"موبایل","__v":0,"seo":{"metaTitle":"خرید موبایل | گوشی هوشمند اندروید و آیفون","metaDescription":"انواع موبایل با بهترین قیمت از برندهای معتبر مانند سامسونگ، اپل، شیائومی، هواوی و دیگر برندهای محبوب در دسته‌بندی موبایل","canonicalUrl":"https://yourwebsite.com/category/موبایل","ogTitle":"خرید موبایل | گوشی هوشمند اندروید و آیفون","ogDescription":"انواع موبایل با بهترین قیمت از برندهای معتبر مانند سامسونگ، اپل، شیائومی، هواوی و دیگر برندهای محبوب در دسته‌بندی موبایل","ogImage":"/uploads/category/images/category-superadmin-68261c189793af40ff160090-20250605163417.jpeg","keywords":["موبایل","دسته‌بندی","فروشگاه آنلاین","خرید"]}},{"_id":"684195c2a4922b68a1c6fd27","name":"کالای دیجیتال","parentId":null,"description":"انواع محصولات الکترونیکی و تکنولوژی روز مانند گوشی موبایل، لپ‌تاپ، لوازم جانبی و بیشتر","image":"/uploads/category/images/category-superadmin-68261c189793af40ff160090-20250605163402.jpeg","metaTitle":"خرید کالای دیجیتال | موبایل، لپ‌تاپ، لوازم جانبی","metaDescription":"برترین فروشگاه برای خرید اینترنتی کالای دیجیتال شامل موبایل، لپ‌تاپ، هدفون، ساعت هوشمند و دیگر محصولات فناوری با قیمت مناسب","createdAt":"2025-06-05T13:04:02.246Z","updatedAt":"2025-06-05T13:04:02.249Z","slug":"کالای-دیجیتال","__v":0,"seo":{"metaTitle":"خرید کالای دیجیتال | موبایل، لپ‌تاپ، لوازم جانبی","metaDescription":"برترین فروشگاه برای خرید اینترنتی کالای دیجیتال شامل موبایل، لپ‌تاپ، هدفون، ساعت هوشمند و دیگر محصولات فناوری با قیمت مناسب","canonicalUrl":"https://yourwebsite.com/category/کالای-دیجیتال","ogTitle":"خرید کالای دیجیتال | موبایل، لپ‌تاپ، لوازم جانبی","ogDescription":"برترین فروشگاه برای خرید اینترنتی کالای دیجیتال شامل موبایل، لپ‌تاپ، هدفون، ساعت هوشمند و دیگر محصولات فناوری با قیمت مناسب","ogImage":"/uploads/category/images/category-superadmin-68261c189793af40ff160090-20250605163402.jpeg","keywords":["کالای دیجیتال","دسته‌بندی","فروشگاه آنلاین","خرید"]}}]
ℹ️ [INFO] 06/06/2025, 10:46:15 PM | Query for categories: {}
ℹ️ [INFO] 06/06/2025, 10:46:15 PM | No SEO found for category with ID: 68419602a4922b68a1c6fd5b
ℹ️ [INFO] 06/06/2025, 10:46:15 PM | No SEO found for category with ID: 684195c2a4922b68a1c6fd27
ℹ️ [INFO] 06/06/2025, 10:46:15 PM | No SEO found for category with ID: 684195d1a4922b68a1c6fd37
ℹ️ [INFO] 06/06/2025, 10:46:15 PM | No SEO found for category with ID: 684195f6a4922b68a1c6fd49
ℹ️ [INFO] 06/06/2025, 10:46:15 PM | Found categories: [{"_id":"68419602a4922b68a1c6fd5b","name":"گوشی سامسونگ","parentId":"684195c2a4922b68a1c6fd27","description":"بررسی و خرید جدیدترین گوشی‌های سامسونگ سری Galaxy با گارانتی معتبر","image":"/uploads/category/images/category-superadmin-68261c189793af40ff160090-20250605163506.jpeg","metaTitle":"خرید گوشی سامسونگ | سری Galaxy A، S، Z","metaDescription":"خرید اینترنتی گوشی سامسونگ با بهترین قیمت، از مدل‌های اقتصادی تا پرچمدار Galaxy S و Z Fold با گارانتی رسمی","createdAt":"2025-06-05T13:05:06.651Z","updatedAt":"2025-06-05T13:05:06.651Z","slug":"گوشی-سامسونگ","__v":0,"seo":{"metaTitle":"خرید گوشی سامسونگ | سری Galaxy A، S، Z","metaDescription":"خرید اینترنتی گوشی سامسونگ با بهترین قیمت، از مدل‌های اقتصادی تا پرچمدار Galaxy S و Z Fold با گارانتی رسمی","canonicalUrl":"https://yourwebsite.com/category/گوشی-سامسونگ","ogTitle":"خرید گوشی سامسونگ | سری Galaxy A، S، Z","ogDescription":"خرید اینترنتی گوشی سامسونگ با بهترین قیمت، از مدل‌های اقتصادی تا پرچمدار Galaxy S و Z Fold با گارانتی رسمی","ogImage":"/uploads/category/images/category-superadmin-68261c189793af40ff160090-20250605163506.jpeg","keywords":["گوشی سامسونگ","دسته‌بندی","فروشگاه آنلاین","خرید"]}},{"_id":"684195f6a4922b68a1c6fd49","name":"گوشی آیفون","parentId":"684195d1a4922b68a1c6fd37","description":"خرید انواع مدل‌های گوشی آیفون اپل با گارانتی معتبر و بهترین قیمت","image":"/uploads/category/images/category-superadmin-68261c189793af40ff160090-20250605163454.jpeg","metaTitle":"خرید آیفون | جدیدترین گوشی‌های Apple iPhone","metaDescription":"بررسی، مشخصات و خرید اینترنتی گوشی‌های آیفون Apple با بهترین قیمت بازار و تنوع مدل‌ها از آیفون 11 تا آیفون 15","createdAt":"2025-06-05T13:04:54.119Z","updatedAt":"2025-06-05T13:04:54.120Z","slug":"گوشی-آیفون","__v":0,"seo":{"metaTitle":"خرید آیفون | جدیدترین گوشی‌های Apple iPhone","metaDescription":"بررسی، مشخصات و خرید اینترنتی گوشی‌های آیفون Apple با بهترین قیمت بازار و تنوع مدل‌ها از آیفون 11 تا آیفون 15","canonicalUrl":"https://yourwebsite.com/category/گوشی-آیفون","ogTitle":"خرید آیفون | جدیدترین گوشی‌های Apple iPhone","ogDescription":"بررسی، مشخصات و خرید اینترنتی گوشی‌های آیفون Apple با بهترین قیمت بازار و تنوع مدل‌ها از آیفون 11 تا آیفون 15","ogImage":"/uploads/category/images/category-superadmin-68261c189793af40ff160090-20250605163454.jpeg","keywords":["گوشی آیفون","دسته‌بندی","فروشگاه آنلاین","خرید"]}},{"_id":"684195d1a4922b68a1c6fd37","name":"موبایل","parentId":"684195c2a4922b68a1c6fd27","description":"گوشی‌های هوشمند از برندهای متنوع مانند اپل، سامسونگ، شیائومی و ...","image":"/uploads/category/images/category-superadmin-68261c189793af40ff160090-20250605163417.jpeg","metaTitle":"خرید موبایل | گوشی هوشمند اندروید و آیفون","metaDescription":"انواع موبایل با بهترین قیمت از برندهای معتبر مانند سامسونگ، اپل، شیائومی، هواوی و دیگر برندهای محبوب در دسته‌بندی موبایل","createdAt":"2025-06-05T13:04:17.059Z","updatedAt":"2025-06-05T13:04:17.059Z","slug":"موبایل","__v":0,"seo":{"metaTitle":"خرید موبایل | گوشی هوشمند اندروید و آیفون","metaDescription":"انواع موبایل با بهترین قیمت از برندهای معتبر مانند سامسونگ، اپل، شیائومی، هواوی و دیگر برندهای محبوب در دسته‌بندی موبایل","canonicalUrl":"https://yourwebsite.com/category/موبایل","ogTitle":"خرید موبایل | گوشی هوشمند اندروید و آیفون","ogDescription":"انواع موبایل با بهترین قیمت از برندهای معتبر مانند سامسونگ، اپل، شیائومی، هواوی و دیگر برندهای محبوب در دسته‌بندی موبایل","ogImage":"/uploads/category/images/category-superadmin-68261c189793af40ff160090-20250605163417.jpeg","keywords":["موبایل","دسته‌بندی","فروشگاه آنلاین","خرید"]}},{"_id":"684195c2a4922b68a1c6fd27","name":"کالای دیجیتال","parentId":null,"description":"انواع محصولات الکترونیکی و تکنولوژی روز مانند گوشی موبایل، لپ‌تاپ، لوازم جانبی و بیشتر","image":"/uploads/category/images/category-superadmin-68261c189793af40ff160090-20250605163402.jpeg","metaTitle":"خرید کالای دیجیتال | موبایل، لپ‌تاپ، لوازم جانبی","metaDescription":"برترین فروشگاه برای خرید اینترنتی کالای دیجیتال شامل موبایل، لپ‌تاپ، هدفون، ساعت هوشمند و دیگر محصولات فناوری با قیمت مناسب","createdAt":"2025-06-05T13:04:02.246Z","updatedAt":"2025-06-05T13:04:02.249Z","slug":"کالای-دیجیتال","__v":0,"seo":{"metaTitle":"خرید کالای دیجیتال | موبایل، لپ‌تاپ، لوازم جانبی","metaDescription":"برترین فروشگاه برای خرید اینترنتی کالای دیجیتال شامل موبایل، لپ‌تاپ، هدفون، ساعت هوشمند و دیگر محصولات فناوری با قیمت مناسب","canonicalUrl":"https://yourwebsite.com/category/کالای-دیجیتال","ogTitle":"خرید کالای دیجیتال | موبایل، لپ‌تاپ، لوازم جانبی","ogDescription":"برترین فروشگاه برای خرید اینترنتی کالای دیجیتال شامل موبایل، لپ‌تاپ، هدفون، ساعت هوشمند و دیگر محصولات فناوری با قیمت مناسب","ogImage":"/uploads/category/images/category-superadmin-68261c189793af40ff160090-20250605163402.jpeg","keywords":["کالای دیجیتال","دسته‌بندی","فروشگاه آنلاین","خرید"]}}]
ℹ️ [INFO] 06/06/2025, 10:46:20 PM | Query for categories: {}
ℹ️ [INFO] 06/06/2025, 10:46:20 PM | No SEO found for category with ID: 684195c2a4922b68a1c6fd27
ℹ️ [INFO] 06/06/2025, 10:46:20 PM | No SEO found for category with ID: 68419602a4922b68a1c6fd5b
ℹ️ [INFO] 06/06/2025, 10:46:20 PM | No SEO found for category with ID: 684195d1a4922b68a1c6fd37
ℹ️ [INFO] 06/06/2025, 10:46:20 PM | No SEO found for category with ID: 684195f6a4922b68a1c6fd49
ℹ️ [INFO] 06/06/2025, 10:46:20 PM | Found categories: [{"_id":"68419602a4922b68a1c6fd5b","name":"گوشی سامسونگ","parentId":"684195c2a4922b68a1c6fd27","description":"بررسی و خرید جدیدترین گوشی‌های سامسونگ سری Galaxy با گارانتی معتبر","image":"/uploads/category/images/category-superadmin-68261c189793af40ff160090-20250605163506.jpeg","metaTitle":"خرید گوشی سامسونگ | سری Galaxy A، S، Z","metaDescription":"خرید اینترنتی گوشی سامسونگ با بهترین قیمت، از مدل‌های اقتصادی تا پرچمدار Galaxy S و Z Fold با گارانتی رسمی","createdAt":"2025-06-05T13:05:06.651Z","updatedAt":"2025-06-05T13:05:06.651Z","slug":"گوشی-سامسونگ","__v":0,"seo":{"metaTitle":"خرید گوشی سامسونگ | سری Galaxy A، S، Z","metaDescription":"خرید اینترنتی گوشی سامسونگ با بهترین قیمت، از مدل‌های اقتصادی تا پرچمدار Galaxy S و Z Fold با گارانتی رسمی","canonicalUrl":"https://yourwebsite.com/category/گوشی-سامسونگ","ogTitle":"خرید گوشی سامسونگ | سری Galaxy A، S، Z","ogDescription":"خرید اینترنتی گوشی سامسونگ با بهترین قیمت، از مدل‌های اقتصادی تا پرچمدار Galaxy S و Z Fold با گارانتی رسمی","ogImage":"/uploads/category/images/category-superadmin-68261c189793af40ff160090-20250605163506.jpeg","keywords":["گوشی سامسونگ","دسته‌بندی","فروشگاه آنلاین","خرید"]}},{"_id":"684195f6a4922b68a1c6fd49","name":"گوشی آیفون","parentId":"684195d1a4922b68a1c6fd37","description":"خرید انواع مدل‌های گوشی آیفون اپل با گارانتی معتبر و بهترین قیمت","image":"/uploads/category/images/category-superadmin-68261c189793af40ff160090-20250605163454.jpeg","metaTitle":"خرید آیفون | جدیدترین گوشی‌های Apple iPhone","metaDescription":"بررسی، مشخصات و خرید اینترنتی گوشی‌های آیفون Apple با بهترین قیمت بازار و تنوع مدل‌ها از آیفون 11 تا آیفون 15","createdAt":"2025-06-05T13:04:54.119Z","updatedAt":"2025-06-05T13:04:54.120Z","slug":"گوشی-آیفون","__v":0,"seo":{"metaTitle":"خرید آیفون | جدیدترین گوشی‌های Apple iPhone","metaDescription":"بررسی، مشخصات و خرید اینترنتی گوشی‌های آیفون Apple با بهترین قیمت بازار و تنوع مدل‌ها از آیفون 11 تا آیفون 15","canonicalUrl":"https://yourwebsite.com/category/گوشی-آیفون","ogTitle":"خرید آیفون | جدیدترین گوشی‌های Apple iPhone","ogDescription":"بررسی، مشخصات و خرید اینترنتی گوشی‌های آیفون Apple با بهترین قیمت بازار و تنوع مدل‌ها از آیفون 11 تا آیفون 15","ogImage":"/uploads/category/images/category-superadmin-68261c189793af40ff160090-20250605163454.jpeg","keywords":["گوشی آیفون","دسته‌بندی","فروشگاه آنلاین","خرید"]}},{"_id":"684195d1a4922b68a1c6fd37","name":"موبایل","parentId":"684195c2a4922b68a1c6fd27","description":"گوشی‌های هوشمند از برندهای متنوع مانند اپل، سامسونگ، شیائومی و ...","image":"/uploads/category/images/category-superadmin-68261c189793af40ff160090-20250605163417.jpeg","metaTitle":"خرید موبایل | گوشی هوشمند اندروید و آیفون","metaDescription":"انواع موبایل با بهترین قیمت از برندهای معتبر مانند سامسونگ، اپل، شیائومی، هواوی و دیگر برندهای محبوب در دسته‌بندی موبایل","createdAt":"2025-06-05T13:04:17.059Z","updatedAt":"2025-06-05T13:04:17.059Z","slug":"موبایل","__v":0,"seo":{"metaTitle":"خرید موبایل | گوشی هوشمند اندروید و آیفون","metaDescription":"انواع موبایل با بهترین قیمت از برندهای معتبر مانند سامسونگ، اپل، شیائومی، هواوی و دیگر برندهای محبوب در دسته‌بندی موبایل","canonicalUrl":"https://yourwebsite.com/category/موبایل","ogTitle":"خرید موبایل | گوشی هوشمند اندروید و آیفون","ogDescription":"انواع موبایل با بهترین قیمت از برندهای معتبر مانند سامسونگ، اپل، شیائومی، هواوی و دیگر برندهای محبوب در دسته‌بندی موبایل","ogImage":"/uploads/category/images/category-superadmin-68261c189793af40ff160090-20250605163417.jpeg","keywords":["موبایل","دسته‌بندی","فروشگاه آنلاین","خرید"]}},{"_id":"684195c2a4922b68a1c6fd27","name":"کالای دیجیتال","parentId":null,"description":"انواع محصولات الکترونیکی و تکنولوژی روز مانند گوشی موبایل، لپ‌تاپ، لوازم جانبی و بیشتر","image":"/uploads/category/images/category-superadmin-68261c189793af40ff160090-20250605163402.jpeg","metaTitle":"خرید کالای دیجیتال | موبایل، لپ‌تاپ، لوازم جانبی","metaDescription":"برترین فروشگاه برای خرید اینترنتی کالای دیجیتال شامل موبایل، لپ‌تاپ، هدفون، ساعت هوشمند و دیگر محصولات فناوری با قیمت مناسب","createdAt":"2025-06-05T13:04:02.246Z","updatedAt":"2025-06-05T13:04:02.249Z","slug":"کالای-دیجیتال","__v":0,"seo":{"metaTitle":"خرید کالای دیجیتال | موبایل، لپ‌تاپ، لوازم جانبی","metaDescription":"برترین فروشگاه برای خرید اینترنتی کالای دیجیتال شامل موبایل، لپ‌تاپ، هدفون، ساعت هوشمند و دیگر محصولات فناوری با قیمت مناسب","canonicalUrl":"https://yourwebsite.com/category/کالای-دیجیتال","ogTitle":"خرید کالای دیجیتال | موبایل، لپ‌تاپ، لوازم جانبی","ogDescription":"برترین فروشگاه برای خرید اینترنتی کالای دیجیتال شامل موبایل، لپ‌تاپ، هدفون، ساعت هوشمند و دیگر محصولات فناوری با قیمت مناسب","ogImage":"/uploads/category/images/category-superadmin-68261c189793af40ff160090-20250605163402.jpeg","keywords":["کالای دیجیتال","دسته‌بندی","فروشگاه آنلاین","خرید"]}}]
ℹ️ [INFO] 06/06/2025, 10:50:28 PM | Query for categories: {}
ℹ️ [INFO] 06/06/2025, 10:50:28 PM | No SEO found for category with ID: 684195f6a4922b68a1c6fd49
ℹ️ [INFO] 06/06/2025, 10:50:28 PM | No SEO found for category with ID: 684195d1a4922b68a1c6fd37
ℹ️ [INFO] 06/06/2025, 10:50:28 PM | No SEO found for category with ID: 684195c2a4922b68a1c6fd27
ℹ️ [INFO] 06/06/2025, 10:50:28 PM | No SEO found for category with ID: 68419602a4922b68a1c6fd5b
ℹ️ [INFO] 06/06/2025, 10:50:28 PM | Found categories: [{"_id":"68419602a4922b68a1c6fd5b","name":"گوشی سامسونگ","parentId":"684195c2a4922b68a1c6fd27","description":"بررسی و خرید جدیدترین گوشی‌های سامسونگ سری Galaxy با گارانتی معتبر","image":"/uploads/category/images/category-superadmin-68261c189793af40ff160090-20250605163506.jpeg","metaTitle":"خرید گوشی سامسونگ | سری Galaxy A، S، Z","metaDescription":"خرید اینترنتی گوشی سامسونگ با بهترین قیمت، از مدل‌های اقتصادی تا پرچمدار Galaxy S و Z Fold با گارانتی رسمی","createdAt":"2025-06-05T13:05:06.651Z","updatedAt":"2025-06-05T13:05:06.651Z","slug":"گوشی-سامسونگ","__v":0,"seo":{"metaTitle":"خرید گوشی سامسونگ | سری Galaxy A، S، Z","metaDescription":"خرید اینترنتی گوشی سامسونگ با بهترین قیمت، از مدل‌های اقتصادی تا پرچمدار Galaxy S و Z Fold با گارانتی رسمی","canonicalUrl":"https://yourwebsite.com/category/گوشی-سامسونگ","ogTitle":"خرید گوشی سامسونگ | سری Galaxy A، S، Z","ogDescription":"خرید اینترنتی گوشی سامسونگ با بهترین قیمت، از مدل‌های اقتصادی تا پرچمدار Galaxy S و Z Fold با گارانتی رسمی","ogImage":"/uploads/category/images/category-superadmin-68261c189793af40ff160090-20250605163506.jpeg","keywords":["گوشی سامسونگ","دسته‌بندی","فروشگاه آنلاین","خرید"]}},{"_id":"684195f6a4922b68a1c6fd49","name":"گوشی آیفون","parentId":"684195d1a4922b68a1c6fd37","description":"خرید انواع مدل‌های گوشی آیفون اپل با گارانتی معتبر و بهترین قیمت","image":"/uploads/category/images/category-superadmin-68261c189793af40ff160090-20250605163454.jpeg","metaTitle":"خرید آیفون | جدیدترین گوشی‌های Apple iPhone","metaDescription":"بررسی، مشخصات و خرید اینترنتی گوشی‌های آیفون Apple با بهترین قیمت بازار و تنوع مدل‌ها از آیفون 11 تا آیفون 15","createdAt":"2025-06-05T13:04:54.119Z","updatedAt":"2025-06-05T13:04:54.120Z","slug":"گوشی-آیفون","__v":0,"seo":{"metaTitle":"خرید آیفون | جدیدترین گوشی‌های Apple iPhone","metaDescription":"بررسی، مشخصات و خرید اینترنتی گوشی‌های آیفون Apple با بهترین قیمت بازار و تنوع مدل‌ها از آیفون 11 تا آیفون 15","canonicalUrl":"https://yourwebsite.com/category/گوشی-آیفون","ogTitle":"خرید آیفون | جدیدترین گوشی‌های Apple iPhone","ogDescription":"بررسی، مشخصات و خرید اینترنتی گوشی‌های آیفون Apple با بهترین قیمت بازار و تنوع مدل‌ها از آیفون 11 تا آیفون 15","ogImage":"/uploads/category/images/category-superadmin-68261c189793af40ff160090-20250605163454.jpeg","keywords":["گوشی آیفون","دسته‌بندی","فروشگاه آنلاین","خرید"]}},{"_id":"684195d1a4922b68a1c6fd37","name":"موبایل","parentId":"684195c2a4922b68a1c6fd27","description":"گوشی‌های هوشمند از برندهای متنوع مانند اپل، سامسونگ، شیائومی و ...","image":"/uploads/category/images/category-superadmin-68261c189793af40ff160090-20250605163417.jpeg","metaTitle":"خرید موبایل | گوشی هوشمند اندروید و آیفون","metaDescription":"انواع موبایل با بهترین قیمت از برندهای معتبر مانند سامسونگ، اپل، شیائومی، هواوی و دیگر برندهای محبوب در دسته‌بندی موبایل","createdAt":"2025-06-05T13:04:17.059Z","updatedAt":"2025-06-05T13:04:17.059Z","slug":"موبایل","__v":0,"seo":{"metaTitle":"خرید موبایل | گوشی هوشمند اندروید و آیفون","metaDescription":"انواع موبایل با بهترین قیمت از برندهای معتبر مانند سامسونگ، اپل، شیائومی، هواوی و دیگر برندهای محبوب در دسته‌بندی موبایل","canonicalUrl":"https://yourwebsite.com/category/موبایل","ogTitle":"خرید موبایل | گوشی هوشمند اندروید و آیفون","ogDescription":"انواع موبایل با بهترین قیمت از برندهای معتبر مانند سامسونگ، اپل، شیائومی، هواوی و دیگر برندهای محبوب در دسته‌بندی موبایل","ogImage":"/uploads/category/images/category-superadmin-68261c189793af40ff160090-20250605163417.jpeg","keywords":["موبایل","دسته‌بندی","فروشگاه آنلاین","خرید"]}},{"_id":"684195c2a4922b68a1c6fd27","name":"کالای دیجیتال","parentId":null,"description":"انواع محصولات الکترونیکی و تکنولوژی روز مانند گوشی موبایل، لپ‌تاپ، لوازم جانبی و بیشتر","image":"/uploads/category/images/category-superadmin-68261c189793af40ff160090-20250605163402.jpeg","metaTitle":"خرید کالای دیجیتال | موبایل، لپ‌تاپ، لوازم جانبی","metaDescription":"برترین فروشگاه برای خرید اینترنتی کالای دیجیتال شامل موبایل، لپ‌تاپ، هدفون، ساعت هوشمند و دیگر محصولات فناوری با قیمت مناسب","createdAt":"2025-06-05T13:04:02.246Z","updatedAt":"2025-06-05T13:04:02.249Z","slug":"کالای-دیجیتال","__v":0,"seo":{"metaTitle":"خرید کالای دیجیتال | موبایل، لپ‌تاپ، لوازم جانبی","metaDescription":"برترین فروشگاه برای خرید اینترنتی کالای دیجیتال شامل موبایل، لپ‌تاپ، هدفون، ساعت هوشمند و دیگر محصولات فناوری با قیمت مناسب","canonicalUrl":"https://yourwebsite.com/category/کالای-دیجیتال","ogTitle":"خرید کالای دیجیتال | موبایل، لپ‌تاپ، لوازم جانبی","ogDescription":"برترین فروشگاه برای خرید اینترنتی کالای دیجیتال شامل موبایل، لپ‌تاپ، هدفون، ساعت هوشمند و دیگر محصولات فناوری با قیمت مناسب","ogImage":"/uploads/category/images/category-superadmin-68261c189793af40ff160090-20250605163402.jpeg","keywords":["کالای دیجیتال","دسته‌بندی","فروشگاه آنلاین","خرید"]}}]
ℹ️ [INFO] 06/06/2025, 10:50:30 PM | Query for categories: {}
ℹ️ [INFO] 06/06/2025, 10:50:30 PM | No SEO found for category with ID: 68419602a4922b68a1c6fd5b
ℹ️ [INFO] 06/06/2025, 10:50:30 PM | No SEO found for category with ID: 684195d1a4922b68a1c6fd37
ℹ️ [INFO] 06/06/2025, 10:50:30 PM | No SEO found for category with ID: 684195f6a4922b68a1c6fd49
ℹ️ [INFO] 06/06/2025, 10:50:30 PM | No SEO found for category with ID: 684195c2a4922b68a1c6fd27
ℹ️ [INFO] 06/06/2025, 10:50:30 PM | Found categories: [{"_id":"68419602a4922b68a1c6fd5b","name":"گوشی سامسونگ","parentId":"684195c2a4922b68a1c6fd27","description":"بررسی و خرید جدیدترین گوشی‌های سامسونگ سری Galaxy با گارانتی معتبر","image":"/uploads/category/images/category-superadmin-68261c189793af40ff160090-20250605163506.jpeg","metaTitle":"خرید گوشی سامسونگ | سری Galaxy A، S، Z","metaDescription":"خرید اینترنتی گوشی سامسونگ با بهترین قیمت، از مدل‌های اقتصادی تا پرچمدار Galaxy S و Z Fold با گارانتی رسمی","createdAt":"2025-06-05T13:05:06.651Z","updatedAt":"2025-06-05T13:05:06.651Z","slug":"گوشی-سامسونگ","__v":0,"seo":{"metaTitle":"خرید گوشی سامسونگ | سری Galaxy A، S، Z","metaDescription":"خرید اینترنتی گوشی سامسونگ با بهترین قیمت، از مدل‌های اقتصادی تا پرچمدار Galaxy S و Z Fold با گارانتی رسمی","canonicalUrl":"https://yourwebsite.com/category/گوشی-سامسونگ","ogTitle":"خرید گوشی سامسونگ | سری Galaxy A، S، Z","ogDescription":"خرید اینترنتی گوشی سامسونگ با بهترین قیمت، از مدل‌های اقتصادی تا پرچمدار Galaxy S و Z Fold با گارانتی رسمی","ogImage":"/uploads/category/images/category-superadmin-68261c189793af40ff160090-20250605163506.jpeg","keywords":["گوشی سامسونگ","دسته‌بندی","فروشگاه آنلاین","خرید"]}},{"_id":"684195f6a4922b68a1c6fd49","name":"گوشی آیفون","parentId":"684195d1a4922b68a1c6fd37","description":"خرید انواع مدل‌های گوشی آیفون اپل با گارانتی معتبر و بهترین قیمت","image":"/uploads/category/images/category-superadmin-68261c189793af40ff160090-20250605163454.jpeg","metaTitle":"خرید آیفون | جدیدترین گوشی‌های Apple iPhone","metaDescription":"بررسی، مشخصات و خرید اینترنتی گوشی‌های آیفون Apple با بهترین قیمت بازار و تنوع مدل‌ها از آیفون 11 تا آیفون 15","createdAt":"2025-06-05T13:04:54.119Z","updatedAt":"2025-06-05T13:04:54.120Z","slug":"گوشی-آیفون","__v":0,"seo":{"metaTitle":"خرید آیفون | جدیدترین گوشی‌های Apple iPhone","metaDescription":"بررسی، مشخصات و خرید اینترنتی گوشی‌های آیفون Apple با بهترین قیمت بازار و تنوع مدل‌ها از آیفون 11 تا آیفون 15","canonicalUrl":"https://yourwebsite.com/category/گوشی-آیفون","ogTitle":"خرید آیفون | جدیدترین گوشی‌های Apple iPhone","ogDescription":"بررسی، مشخصات و خرید اینترنتی گوشی‌های آیفون Apple با بهترین قیمت بازار و تنوع مدل‌ها از آیفون 11 تا آیفون 15","ogImage":"/uploads/category/images/category-superadmin-68261c189793af40ff160090-20250605163454.jpeg","keywords":["گوشی آیفون","دسته‌بندی","فروشگاه آنلاین","خرید"]}},{"_id":"684195d1a4922b68a1c6fd37","name":"موبایل","parentId":"684195c2a4922b68a1c6fd27","description":"گوشی‌های هوشمند از برندهای متنوع مانند اپل، سامسونگ، شیائومی و ...","image":"/uploads/category/images/category-superadmin-68261c189793af40ff160090-20250605163417.jpeg","metaTitle":"خرید موبایل | گوشی هوشمند اندروید و آیفون","metaDescription":"انواع موبایل با بهترین قیمت از برندهای معتبر مانند سامسونگ، اپل، شیائومی، هواوی و دیگر برندهای محبوب در دسته‌بندی موبایل","createdAt":"2025-06-05T13:04:17.059Z","updatedAt":"2025-06-05T13:04:17.059Z","slug":"موبایل","__v":0,"seo":{"metaTitle":"خرید موبایل | گوشی هوشمند اندروید و آیفون","metaDescription":"انواع موبایل با بهترین قیمت از برندهای معتبر مانند سامسونگ، اپل، شیائومی، هواوی و دیگر برندهای محبوب در دسته‌بندی موبایل","canonicalUrl":"https://yourwebsite.com/category/موبایل","ogTitle":"خرید موبایل | گوشی هوشمند اندروید و آیفون","ogDescription":"انواع موبایل با بهترین قیمت از برندهای معتبر مانند سامسونگ، اپل، شیائومی، هواوی و دیگر برندهای محبوب در دسته‌بندی موبایل","ogImage":"/uploads/category/images/category-superadmin-68261c189793af40ff160090-20250605163417.jpeg","keywords":["موبایل","دسته‌بندی","فروشگاه آنلاین","خرید"]}},{"_id":"684195c2a4922b68a1c6fd27","name":"کالای دیجیتال","parentId":null,"description":"انواع محصولات الکترونیکی و تکنولوژی روز مانند گوشی موبایل، لپ‌تاپ، لوازم جانبی و بیشتر","image":"/uploads/category/images/category-superadmin-68261c189793af40ff160090-20250605163402.jpeg","metaTitle":"خرید کالای دیجیتال | موبایل، لپ‌تاپ، لوازم جانبی","metaDescription":"برترین فروشگاه برای خرید اینترنتی کالای دیجیتال شامل موبایل، لپ‌تاپ، هدفون، ساعت هوشمند و دیگر محصولات فناوری با قیمت مناسب","createdAt":"2025-06-05T13:04:02.246Z","updatedAt":"2025-06-05T13:04:02.249Z","slug":"کالای-دیجیتال","__v":0,"seo":{"metaTitle":"خرید کالای دیجیتال | موبایل، لپ‌تاپ، لوازم جانبی","metaDescription":"برترین فروشگاه برای خرید اینترنتی کالای دیجیتال شامل موبایل، لپ‌تاپ، هدفون، ساعت هوشمند و دیگر محصولات فناوری با قیمت مناسب","canonicalUrl":"https://yourwebsite.com/category/کالای-دیجیتال","ogTitle":"خرید کالای دیجیتال | موبایل، لپ‌تاپ، لوازم جانبی","ogDescription":"برترین فروشگاه برای خرید اینترنتی کالای دیجیتال شامل موبایل، لپ‌تاپ، هدفون، ساعت هوشمند و دیگر محصولات فناوری با قیمت مناسب","ogImage":"/uploads/category/images/category-superadmin-68261c189793af40ff160090-20250605163402.jpeg","keywords":["کالای دیجیتال","دسته‌بندی","فروشگاه آنلاین","خرید"]}}]
